"","simulation_setting_num","iter","MCCC","lower_bound","upper_bound","MCCC_est"
"1",19,1,8.88178419700125e-16,-0.327695886370352,0.256352404682087,-0.0390024277744587
"2",19,2,8.88178419700125e-16,-0.263286537420095,0.0697490238594814,-0.0995561191337024
"3",19,3,8.88178419700125e-16,-0.46806232683194,0.0205884142829589,-0.23879647916888
"4",19,4,8.88178419700125e-16,-0.266178250932969,0.220648812993036,-0.0241993227216386
"5",19,5,8.88178419700125e-16,-0.389249038480636,0.153565331396531,-0.1273668990872
"6",19,6,8.88178419700125e-16,-0.193905439474553,0.105693538357234,-0.0451204677217343
"7",19,7,8.88178419700125e-16,-0.448395281515414,0.295551114626512,-0.0887915821952978
"8",19,8,8.88178419700125e-16,-0.318034729328011,0.110855143738859,-0.108642775708504
"9",19,9,8.88178419700125e-16,-0.726159284925665,0.585391394211696,-0.124317536611422
"10",19,10,8.88178419700125e-16,-0.0619801488135774,0.406783392818225,0.18276864441921
"11",19,11,8.88178419700125e-16,-0.335181459994406,0.121087856846003,-0.112999942161709
"12",19,12,8.88178419700125e-16,-0.229906635297774,0.0910155482269174,-0.0712902403812792
"13",19,13,8.88178419700125e-16,-0.248949330532152,0.289360246721246,0.0217843015210204
"14",19,14,8.88178419700125e-16,-0.232480099067476,0.209152211224319,-0.0122619177900163
"15",19,15,8.88178419700125e-16,-0.0918623655425812,0.297670292636285,0.107008408744022
"16",19,16,8.88178419700125e-16,-0.322345990931571,0.187614170066803,-0.0720746984704426
"17",19,17,8.88178419700125e-16,-0.203482119869703,0.270538334826617,0.0355261265973708
"18",19,18,8.88178419700125e-16,-0.432874284632018,-0.0712469536017206,-0.261202116783029
"19",19,19,8.88178419700125e-16,-0.487399225462522,-0.00446500881964989,-0.262279082792375
"20",19,20,8.88178419700125e-16,-0.258715148140624,0.10327716306722,-0.0803683775633988
"21",19,21,8.88178419700125e-16,-0.192632309459791,0.148865393372728,-0.022540968140341
"22",19,22,8.88178419700125e-16,-0.367501993385473,0.202049021405779,-0.0900871474770544
"23",19,23,8.88178419700125e-16,-0.295148382089572,0.16917266935943,-0.0665921948200514
"24",19,24,8.88178419700125e-16,-0.0702918562245295,0.202171172146733,0.0671922299537269
"25",19,25,8.88178419700125e-16,-0.462166799715414,0.123291721595004,-0.185884011763149
"26",19,26,8.88178419700125e-16,-0.373843969517413,0.117494906091826,-0.136563449369174
"27",19,27,8.88178419700125e-16,-0.151068952201813,0.284474268756919,0.0700398523064051
"28",19,28,8.88178419700125e-16,-0.328315007471314,0.0988843933036942,-0.120279833257009
"29",19,29,8.88178419700125e-16,-0.373776539825891,0.237352935664633,-0.0752766442061614
"30",19,30,8.88178419700125e-16,-0.479332074613092,0.09673028176346,-0.209397884458423
"31",19,31,8.88178419700125e-16,-0.153302451789324,0.273227539279909,0.0628310290311115
"32",19,32,8.88178419700125e-16,-0.329263596799386,0.142050072935081,-0.099165427672586
"33",19,33,8.88178419700125e-16,-0.409262142998987,0.155108188777622,-0.138285395593062
"34",19,34,8.88178419700125e-16,-0.221248023556382,0.12485080763427,-0.0496902083008002
"35",19,35,8.88178419700125e-16,-0.23578618887606,0.270979787477126,0.0188045033013543
"36",19,36,8.88178419700125e-16,-0.270124422571748,0.109528166717335,-0.0833207317467188
"37",19,37,8.88178419700125e-16,-0.281287354580124,0.0773312071366735,-0.105403821160977
"38",19,38,8.88178419700125e-16,-0.307842964412004,0.194013844810247,-0.0607531592522601
"39",19,39,8.88178419700125e-16,-0.276773707334925,0.161563019776723,-0.0605227095013408
"40",19,40,8.88178419700125e-16,-0.461923936854312,0.0892941752868747,-0.202282072218077
"41",19,41,8.88178419700125e-16,-0.589074161675889,0.324880470750394,-0.167969599776126
"42",19,42,8.88178419700125e-16,-0.278802588853788,0.122333774295613,-0.0815354387999425
"43",19,43,8.88178419700125e-16,-0.30856614485771,0.199860808894625,-0.0581205840719103
"44",19,44,8.88178419700125e-16,-0.399039311946344,0.0668890549037651,-0.175909441845266
"45",19,45,8.88178419700125e-16,-0.293724392592509,0.0876630097904718,-0.106963671287797
"46",19,46,8.88178419700125e-16,-0.331990933942362,0.0608128968552653,-0.141139513167205
"47",19,47,8.88178419700125e-16,-0.232956665610949,0.35575251008251,0.067248829804431
"48",19,48,8.88178419700125e-16,-0.319599827952766,0.0689055605404359,-0.130347372971921
"49",19,49,8.88178419700125e-16,-0.228513777251968,0.116387980875827,-0.0577870300231984
"50",19,50,8.88178419700125e-16,-0.333632353250415,0.298206087296975,-0.0196777552027001
"51",19,51,8.88178419700125e-16,-0.383444834436135,-0.0499523265300434,-0.223220552727476
"52",19,52,8.88178419700125e-16,-0.0992281484272815,0.256035312787727,0.0809749107609574
"53",19,53,8.88178419700125e-16,-0.269827085300324,0.206275239539319,-0.0336869527399051
"54",19,54,8.88178419700125e-16,-0.160681692685296,0.180350957815822,0.0101291759755303
"55",19,55,8.88178419700125e-16,-0.486483607917963,0.268155762263158,-0.12758473933154
"56",19,56,8.88178419700125e-16,-0.401910537608276,0.121806267884117,-0.150601346987762
"57",19,57,8.88178419700125e-16,-0.281752787616087,0.371001835841905,0.0499580537122785
"58",19,58,8.88178419700125e-16,-0.25868772518393,0.138565787474759,-0.0625375387855132
"59",19,59,8.88178419700125e-16,-0.506234888879868,0.027716084521708,-0.258934054781427
"60",19,60,8.88178419700125e-16,-0.10667383948019,0.440077378667869,0.180619259037561
"61",19,61,8.88178419700125e-16,-0.365693010585802,0.310186895717478,-0.0313347020380657
"62",19,62,8.88178419700125e-16,-0.275865494222993,0.0419555727470337,-0.120029159633059
"63",19,63,8.88178419700125e-16,-0.262276823372488,0.0361983353395095,-0.115649081713413
"64",19,64,8.88178419700125e-16,-0.25448020394194,0.254884349146894,0.000216088783230206
"65",19,65,8.88178419700125e-16,-0.143336486674943,0.195046988616667,0.02661773072532
"66",19,66,8.88178419700125e-16,-0.201776944641918,0.154791848843584,-0.0242642343856494
"67",19,67,8.88178419700125e-16,-0.48487920180135,0.0530111558920205,-0.233739428233016
"68",19,68,8.88178419700125e-16,-0.512668331770333,0.22068576830437,-0.16933596884796
"69",19,69,8.88178419700125e-16,-0.0468648522570818,0.345624207176364,0.155511144757186
"70",19,70,8.88178419700125e-16,-0.380841612052022,0.00260158709183809,-0.196626589549354
"71",19,71,8.88178419700125e-16,-0.307079361896188,0.278049665077321,-0.0158738694306955
"72",19,72,8.88178419700125e-16,-0.219498079060478,0.10923694342345,-0.0566663007615866
"73",19,73,8.88178419700125e-16,-0.157958691350192,0.180250182073227,0.0114738984915174
"74",19,74,8.88178419700125e-16,-0.267495910687046,0.143042212946488,-0.0649757413455285
"75",19,75,8.88178419700125e-16,-0.0342743818878137,0.289220538728245,0.130957382377549
"76",19,76,8.88178419700125e-16,-0.33779451772615,0.0986994398111612,-0.125622383202299
"77",19,77,8.88178419700125e-16,-0.0845270754304491,0.285866563424894,0.104284424752014
"78",19,78,8.88178419700125e-16,-0.169375756884326,0.167268766172139,-0.00108421375122081
"79",19,79,8.88178419700125e-16,-0.263477442863534,0.182978447073571,-0.0423641389984519
"80",19,80,8.88178419700125e-16,-0.366457103019743,0.17505520919948,-0.103353357560435
"81",19,81,8.88178419700125e-16,-0.280657541923965,0.172237153873546,-0.0571498545829809
"82",19,82,8.88178419700125e-16,-0.615817800482917,0.037325613739105,-0.327877658534146
"83",19,83,8.88178419700125e-16,-0.474478676241673,0.183482332238728,-0.163640664144418
"84",19,84,8.88178419700125e-16,-0.389900778211488,0.181178319654324,-0.113746736021886
"85",19,85,8.88178419700125e-16,0.0201266072306496,0.411379264563431,0.224794238399908
"86",19,86,8.88178419700125e-16,-0.440277688326443,0.1048358923383,-0.181638285066486
"87",19,87,8.88178419700125e-16,-0.394388770396683,0.0500035078068137,-0.181439390063489
"88",19,88,8.88178419700125e-16,-0.368257954139793,0.243426601392363,-0.0688871731299032
"89",19,89,8.88178419700125e-16,-0.60061395204455,0.176849989999446,-0.252132679811971
"90",19,90,8.88178419700125e-16,-0.447240747308423,0.110934191214729,-0.182846971936158
"91",19,91,8.88178419700125e-16,-0.176474850957165,0.0737113625065401,-0.0522007939739066
"92",19,92,8.88178419700125e-16,-0.0909663784941435,0.284596440172614,0.10038970124948
"93",19,93,8.88178419700125e-16,-0.248659089867355,0.199013645052019,-0.0261329017510776
"94",19,94,8.88178419700125e-16,-0.142358120944133,0.182501189346643,0.0206156706977954
"95",19,95,8.88178419700125e-16,-0.0883638403645426,0.356154292255796,0.140994231275182
"96",19,96,8.88178419700125e-16,-0.354516177054209,0.260327414956089,-0.0520230599938418
"97",19,97,8.88178419700125e-16,-0.234321036367092,0.144226283133726,-0.0467248007886609
"98",19,98,8.88178419700125e-16,-0.396237125193117,0.207915074783172,-0.103718695786786
"99",19,99,8.88178419700125e-16,-0.201638218897971,0.269599485730822,0.0359805855978341
"100",19,100,8.88178419700125e-16,-0.176399662635739,0.148961481662406,-0.0140921098468123
"101",19,101,8.88178419700125e-16,-0.192603781306087,0.127933875482996,-0.0331883478611414
"102",19,102,8.88178419700125e-16,-0.364974832432436,0.266183577410755,-0.0548755503932263
"103",19,103,8.88178419700125e-16,-0.116433841092447,0.257872079723985,0.073299917214831
"104",19,104,8.88178419700125e-16,-0.47861753317037,0.048481889747199,-0.232030816139949
"105",19,105,8.88178419700125e-16,-0.315353211519972,0.00776166650346702,-0.158023037556382
"106",19,106,8.88178419700125e-16,-0.399126348399358,0.133766677168217,-0.143030537004502
"107",19,107,8.88178419700125e-16,-0.292443070602582,0.0793171274852499,-0.110423695507081
"108",19,108,8.88178419700125e-16,-0.186637734892963,0.198083119903377,0.00594259090563354
"109",19,109,8.88178419700125e-16,-0.443018459818297,0.292747929332353,-0.0869851057902495
"110",19,110,8.88178419700125e-16,-0.435077032668574,0.22132631578253,-0.11996542741709
"111",19,111,8.88178419700125e-16,-0.204648610676734,0.099244016013787,-0.0539514634059626
"112",19,112,8.88178419700125e-16,-0.400506469938977,0.204816909549737,-0.107827547261279
"113",19,113,8.88178419700125e-16,-0.270819447171364,-0.0199978182588401,-0.147784005236361
"114",19,114,8.88178419700125e-16,-0.31811777366962,0.154552437618849,-0.0866574026470863
"115",19,115,8.88178419700125e-16,-0.256757193076242,0.0847798738622949,-0.0885920020259314
"116",19,116,8.88178419700125e-16,-0.200306110103971,0.243384981442265,0.0226549536668355
"117",19,117,8.88178419700125e-16,-0.398915647873992,0.294093802966517,-0.0595877734006678
"118",19,118,8.88178419700125e-16,-0.436356207732841,0.329869978900462,-0.0624380699154015
"119",19,119,8.88178419700125e-16,-0.297946451693938,-0.00829614302072428,-0.156484018345159
"120",19,120,8.88178419700125e-16,-0.335431645189645,0.000698419347568157,-0.172380289712636
"121",19,121,8.88178419700125e-16,-0.362706027302673,0.11897139731697,-0.129499133332295
"122",19,122,8.88178419700125e-16,-0.327396554071688,-0.0632054804617646,-0.198912166600429
"123",19,123,8.88178419700125e-16,-0.373754429040579,-0.000904228067744215,-0.194338609532972
"124",19,124,8.88178419700125e-16,-0.283624360249675,0.144273524712318,-0.0730356627310704
"125",19,125,8.88178419700125e-16,-0.354987303309579,0.00754348908359564,-0.179820829071712
"126",19,126,8.88178419700125e-16,-0.343173169014639,0.0733422766754555,-0.141156435905417
"127",19,127,8.88178419700125e-16,-0.0887957469710843,0.30284778153614,0.111347253664102
"128",19,128,8.88178419700125e-16,-0.172716876533887,0.246726364566664,0.0387097640362725
"129",19,129,8.88178419700125e-16,-0.436912031763851,0.174516557123328,-0.145013757850404
"130",19,130,8.88178419700125e-16,-0.167645191153036,0.21639919397228,0.0253108525778704
"131",19,131,8.88178419700125e-16,-0.383558368153763,0.117826220881024,-0.14195924473272
"132",19,132,8.88178419700125e-16,-0.213177559150225,0.302751217755697,0.0479870343703795
"133",19,133,8.88178419700125e-16,-0.345530962676946,0.030060329062342,-0.163660099132426
"134",19,134,8.88178419700125e-16,-0.309657368005511,0.145698563386907,-0.0864950903693114
"135",19,135,8.88178419700125e-16,-0.532143129791214,0.00638527485755542,-0.285235814804524
"136",19,136,8.88178419700125e-16,-0.29669567276626,-0.00806240112160448,-0.155700667518865
"137",19,137,8.88178419700125e-16,-0.540556338577536,0.406877990170817,-0.0863232066166015
"138",19,138,8.88178419700125e-16,-0.371929664765812,0.0774082036088682,-0.155282201937378
"139",19,139,8.88178419700125e-16,-0.211193643394131,0.114989991604627,-0.0494194635301979
"140",19,140,8.88178419700125e-16,-0.142556468264289,0.148037628587168,0.0027996854242458
"141",19,141,8.88178419700125e-16,-0.469787419893242,0.295835679341531,-0.102067255993998
"142",19,142,8.88178419700125e-16,-0.337656487945897,0.0974283322694371,-0.126177271099889
"143",19,143,8.88178419700125e-16,-0.215029696460814,0.299756157217299,0.0453751762499014
"144",19,144,8.88178419700125e-16,-0.370513656369465,0.215427461983237,-0.0848764570292058
"145",19,145,8.88178419700125e-16,-0.261630451343153,0.263298422027899,0.000895687106110654
"146",19,146,8.88178419700125e-16,-0.188957168746978,0.236968467639794,0.0251468264270825
"147",19,147,8.88178419700125e-16,-0.348144670527184,0.0967995676331545,-0.132332986818962
"148",19,148,8.88178419700125e-16,-0.249922065742619,0.111086266505147,-0.0717679325565983
"149",19,149,8.88178419700125e-16,-0.387289732109424,0.0476880157049861,-0.178508498292201
"150",19,150,8.88178419700125e-16,-0.392004019237296,-0.000783056728662231,-0.204547817984973
"151",19,151,8.88178419700125e-16,-0.169128914411472,0.220583716904889,0.0267435248419975
"152",19,152,8.88178419700125e-16,-0.285392943091932,0.102744066101794,-0.0949310550277556
"153",19,153,8.88178419700125e-16,-0.305756429891734,0.114720304543454,-0.0999797957470978
"154",19,154,8.88178419700125e-16,-0.414924117922804,0.151685807178322,-0.143345555877773
"155",19,155,8.88178419700125e-16,-0.310569502725506,0.207597746749021,-0.0552018243063899
"156",19,156,8.88178419700125e-16,-0.28353196618589,0.472491675867198,0.110425191797612
"157",19,157,8.88178419700125e-16,-0.26105246355706,0.161713259201565,-0.0519990786520597
"158",19,158,8.88178419700125e-16,-0.20017071376133,0.208192838272354,0.00418556209620935
"159",19,159,8.88178419700125e-16,-0.302626392253995,0.129214694169405,-0.0909812762516549
"160",19,160,8.88178419700125e-16,-0.254018748689279,0.0881563996680837,-0.08545023608618
"161",19,161,8.88178419700125e-16,-0.2645538967603,0.232859445107069,-0.016892384173848
"162",19,162,8.88178419700125e-16,-0.510835512627727,0.254348723486388,-0.150743745168996
"163",19,163,8.88178419700125e-16,-0.294209455717779,0.180003982656879,-0.0605167622267333
"164",19,164,8.88178419700125e-16,-0.313489409482064,0.0454901987672203,-0.13854757000355
"165",19,165,8.88178419700125e-16,-0.252314165224763,0.106993215578551,-0.0750975813179884
"166",19,166,8.88178419700125e-16,-0.227604282430426,0.310994873420041,0.0449621789071228
"167",19,167,8.88178419700125e-16,-0.435545544287762,0.194112592062518,-0.134241287087333
"168",19,168,8.88178419700125e-16,-0.146547559075207,0.178063445487196,0.0161843988153301
"169",19,169,8.88178419700125e-16,-0.153090740766524,0.160468555875889,0.00378186659593571
"170",19,170,8.88178419700125e-16,-0.354413605654659,0.0168136887551664,-0.175013136607861
"171",19,171,8.88178419700125e-16,-0.239640068678909,0.194914942148736,-0.0234712095727221
"172",19,172,8.88178419700125e-16,-0.290208648364517,0.133936925175452,-0.0818403071977813
"173",19,173,8.88178419700125e-16,-0.333713046560315,0.0438986376522352,-0.150387598423608
"174",19,174,8.88178419700125e-16,-0.44870327037115,0.0229160796572743,-0.226102072087153
"175",19,175,8.88178419700125e-16,-0.289464848604725,0.00271206838019911,-0.146571646438145
"176",19,176,8.88178419700125e-16,-0.347696304238842,0.0946800273211096,-0.133133153441616
"177",19,177,8.88178419700125e-16,-0.347374641753021,0.142511251453692,-0.109048169236106
"178",19,178,8.88178419700125e-16,-0.307111965405514,0.0697560446619172,-0.12311424212083
"179",19,179,8.88178419700125e-16,-0.288559272210326,0.166228671142161,-0.0645144296595568
"180",19,180,8.88178419700125e-16,-0.269816585410815,0.246386130342647,-0.012551484065396
"181",19,181,8.88178419700125e-16,-0.480297480095611,-0.00333836511170342,-0.257430547794843
"182",19,182,8.88178419700125e-16,-0.399747280155142,0.124048081489718,-0.148228747697278
"183",19,183,8.88178419700125e-16,-0.436196017807127,-0.0843046555402852,-0.269212198116371
"184",19,184,8.88178419700125e-16,-0.374785353061907,0.102137811065041,-0.144718661671091
"185",19,185,8.88178419700125e-16,-0.236957507436113,0.0899637083765857,-0.075526175780809
"186",19,186,8.88178419700125e-16,-0.404457914904219,0.127697278571496,-0.149163244418104
"187",19,187,8.88178419700125e-16,-0.430574705166075,-0.0336673409446281,-0.242229302232666
"188",19,188,8.88178419700125e-16,-0.415256415926304,0.237166428278422,-0.0997555037682702
"189",19,189,8.88178419700125e-16,-0.384892957486314,0.0862995296379227,-0.158295681982439
"190",19,190,8.88178419700125e-16,-0.20169586591595,0.296514519651388,0.0505539051093534
"191",19,191,8.88178419700125e-16,-0.239815300732663,0.288870270123934,0.0263714371796433
"192",19,192,8.88178419700125e-16,-0.287906875225728,0.187825825821315,-0.0530501106330659
"193",19,193,8.88178419700125e-16,-0.167063925523992,0.132046279267678,-0.0179095262934457
"194",19,194,8.88178419700125e-16,-0.32435506674072,0.0690975362960293,-0.132859275645552
"195",19,195,8.88178419700125e-16,-0.479428177248608,0.267154009537349,-0.123587426963981
"196",19,196,8.88178419700125e-16,-0.216223023491841,0.341411220239982,0.0678946892573601
"197",19,197,8.88178419700125e-16,-0.192611858257323,0.324012996370252,0.0704212931434193
"198",19,198,8.88178419700125e-16,-0.293249865902083,0.15867306581586,-0.0709272094307227
"199",19,199,8.88178419700125e-16,-0.465182163559208,-0.0811345917779578,-0.284534208340132
"200",19,200,8.88178419700125e-16,-0.274400491114494,0.132409551850003,-0.0740764840020753
"201",19,201,8.88178419700125e-16,-0.237959341741244,0.21064243816839,-0.0143821739117447
"202",19,202,8.88178419700125e-16,-0.164356402550936,0.314149768157404,0.0794731268660062
"203",19,203,8.88178419700125e-16,-0.133414324018391,0.206692174676299,0.0377315611834047
"204",19,204,8.88178419700125e-16,-0.276641449669383,0.11636289411702,-0.0833805164245278
"205",19,205,8.88178419700125e-16,-0.349530518655195,0.0251827493916683,-0.168245380293025
"206",19,206,8.88178419700125e-16,-0.585940250647177,0.395602256423216,-0.125847641799369
"207",19,207,8.88178419700125e-16,-0.242180698894996,0.284893157372247,0.0229509969504003
"208",19,208,8.88178419700125e-16,-0.471277516570221,0.0982401042950659,-0.203687501529237
"209",19,209,8.88178419700125e-16,-0.0759183245841475,0.313361724836114,0.123468872264942
"210",19,210,8.88178419700125e-16,-0.417219848463361,0.0100035618519371,-0.213808247356752
"211",19,211,8.88178419700125e-16,-0.280439948725936,0.018183113421467,-0.13417323717828
"212",19,212,8.88178419700125e-16,-0.261511678307155,0.187433254650767,-0.0390075645231867
"213",19,213,8.88178419700125e-16,-0.232295836720976,0.137835132560968,-0.0489093378847241
"214",19,214,8.88178419700125e-16,-0.234023632029328,0.210360993726369,-0.0124458542990287
"215",19,215,8.88178419700125e-16,-0.267661206372076,0.210819209683374,-0.0301480268893111
"216",19,216,8.88178419700125e-16,-0.341467756386122,0.199574019732872,-0.0765818642240323
"217",19,217,8.88178419700125e-16,-0.186937665142755,0.210550823150673,0.0122921817405878
"218",19,218,8.88178419700125e-16,-0.313676850794877,0.113158192709486,-0.105097170099599
"219",19,219,8.88178419700125e-16,-0.256433225032755,0.115461963054788,-0.0730235950797293
"220",19,220,8.88178419700125e-16,-0.366260886780441,0.0153133458447196,-0.182329883078562
"221",19,221,8.88178419700125e-16,-0.0614480610135166,0.288473565073678,0.117147104034498
"222",19,222,8.88178419700125e-16,-0.393422654766932,0.20477924273803,-0.103689533498089
"223",19,223,8.88178419700125e-16,-0.322641048652291,-0.00652650955108671,-0.168924552469563
"224",19,224,8.88178419700125e-16,-0.401927438990535,0.10098778705782,-0.160895832562346
"225",19,225,8.88178419700125e-16,-0.191804912822181,0.305385443960778,0.0605448183591117
"226",19,226,8.88178419700125e-16,-0.44995138325587,0.0890531723459676,-0.195139685349914
"227",19,227,8.88178419700125e-16,-0.345304510245464,0.0692428934471549,-0.144358905122599
"228",19,228,8.88178419700125e-16,-0.113708024794125,0.135491436332826,0.0110634881500173
"229",19,229,8.88178419700125e-16,-0.444866345452272,0.162121492930012,-0.156072371995361
"230",19,230,8.88178419700125e-16,-0.230049227829571,0.21739131968854,-0.00666242770799697
"231",19,231,8.88178419700125e-16,-0.0761389285955521,0.217139351105847,0.0720575796277262
"232",19,232,8.88178419700125e-16,-0.450841267538132,0.195251689932448,-0.142995430453153
"233",19,233,8.88178419700125e-16,-0.221007160555984,0.155497881171517,-0.0339594699097248
"234",19,234,8.88178419700125e-16,-0.228495947564649,0.014697266650654,-0.108522762590176
"235",19,235,8.88178419700125e-16,-0.236903326084168,0.206642872606197,-0.0159130727767018
"236",19,236,8.88178419700125e-16,-0.353591642094232,0.307983556292341,-0.0256076840609305
"237",19,237,8.88178419700125e-16,-0.283765979089497,0.215176150802138,-0.0365739844122284
"238",19,238,8.88178419700125e-16,-0.32146495157347,0.0893753153968609,-0.12123356090461
"239",19,239,8.88178419700125e-16,-0.464947113923955,0.118930104471829,-0.189727410158403
"240",19,240,8.88178419700125e-16,-0.126575416806429,0.147307863756441,0.0105643587282009
"241",19,241,8.88178419700125e-16,-0.372511760599705,0.0192971873303716,-0.183902109902593
"242",19,242,8.88178419700125e-16,-0.115473436643598,0.405329667553731,0.155731983255229
"243",19,243,8.88178419700125e-16,-0.34648627535185,0.0933386904839578,-0.133122115377887
"244",19,244,8.88178419700125e-16,-0.159705192080507,0.238185165029715,0.0408597803165942
"245",19,245,8.88178419700125e-16,-0.529145672187138,0.148151835987475,-0.216378706441952
"246",19,246,8.88178419700125e-16,-0.292954027426936,0.0955409207644297,-0.102618171633462
"247",19,247,8.88178419700125e-16,-0.209369697356996,0.130455037321586,-0.0406322761907634
"248",19,248,8.88178419700125e-16,-0.449465774615872,0.295061193479376,-0.0897228145746767
"249",19,249,8.88178419700125e-16,-0.373505620969935,0.150154102485256,-0.120015154440514
"250",19,250,8.88178419700125e-16,-0.325920733985917,-0.014811086867079,-0.174723457659844
"251",19,251,8.88178419700125e-16,-0.310145830874661,0.130844809458974,-0.0942729581034978
"252",19,252,8.88178419700125e-16,-0.200272721439531,0.170283543613387,-0.015527749420841
"253",19,253,8.88178419700125e-16,-0.357569734343723,0.125033310943477,-0.123568011703347
"254",19,254,8.88178419700125e-16,-0.284841199393798,0.228469534833861,-0.0301752261008037
"255",19,255,8.88178419700125e-16,-0.356726835182035,0.165524404221827,-0.102671427712879
"256",19,256,8.88178419700125e-16,-0.15644364848302,0.306798563446976,0.0794663150705935
"257",19,257,8.88178419700125e-16,-0.192162893494276,0.160459427851749,-0.0163604392349261
"258",19,258,8.88178419700125e-16,-0.380003056723991,0.118067683431263,-0.139799567150818
"259",19,259,8.88178419700125e-16,-0.341374530464058,0.124519100376181,-0.114731982321213
"260",19,260,8.88178419700125e-16,-0.214033622094315,0.160574963489253,-0.0277019128407843
"261",19,261,8.88178419700125e-16,-0.286859507321246,0.101199861473152,-0.0964954736930217
"262",19,262,8.88178419700125e-16,-0.339530206641789,0.146849338753308,-0.102460488499009
"263",19,263,8.88178419700125e-16,-0.207903942183505,0.140148252217748,-0.0349371739977162
"264",19,264,8.88178419700125e-16,-0.330124638666127,0.174484198617452,-0.0831476658044432
"265",19,265,8.88178419700125e-16,-0.26698930691254,0.128564479174751,-0.0720446116622735
"266",19,266,8.88178419700125e-16,-0.34916101643675,0.217582870813999,-0.0715627171296518
"267",19,267,8.88178419700125e-16,-0.304548794968537,0.179663279401298,-0.0663479435910503
"268",19,268,8.88178419700125e-16,-0.273915799689776,0.252287534406932,-0.0116184948131892
"269",19,269,8.88178419700125e-16,-0.144940153568583,0.218053369006694,0.0378036230163297
"270",19,270,8.88178419700125e-16,-0.139143421531109,0.288764998849179,0.0784218440173249
"271",19,271,8.88178419700125e-16,-0.323477032575251,0.0451789050968646,-0.14414696376554
"272",19,272,8.88178419700125e-16,-0.495383289091226,0.121687165594467,-0.207385768282289
"273",19,273,8.88178419700125e-16,-0.365381821092508,0.14181846701349,-0.119576167523997
"274",19,274,8.88178419700125e-16,-0.187867765911221,0.251305928958694,0.0333277945171796
"275",19,275,8.88178419700125e-16,-0.219977321627652,0.046320522101087,-0.0884078753011426
"276",19,276,8.88178419700125e-16,-0.334761677117461,0.173690637347999,-0.0861418417399913
"277",19,277,8.88178419700125e-16,-0.308276202833338,0.0989252002597689,-0.10925695246526
"278",19,278,8.88178419700125e-16,-0.305771577202008,0.203363555747912,-0.0547628790612578
"279",19,279,8.88178419700125e-16,-0.333245097736556,0.124994827983746,-0.109964700665661
"280",19,280,8.88178419700125e-16,-0.167019533695136,0.250048388565861,0.0434053790730393
"281",19,281,8.88178419700125e-16,-0.446679098194029,0.0972904845802516,-0.18916626271714
"282",19,282,8.88178419700125e-16,-0.332202496214912,0.206225158950714,-0.0679333720217858
"283",19,283,8.88178419700125e-16,-0.218411643272301,0.268792719175536,0.0267808400237262
"284",19,284,8.88178419700125e-16,-0.436331537400067,0.128476637036455,-0.167652249974662
"285",19,285,8.88178419700125e-16,-0.411264934669699,0.0373102131895551,-0.19728169823666
"286",19,286,8.88178419700125e-16,-0.127185937440717,0.116406594953821,-0.00547082973262714
"287",19,287,8.88178419700125e-16,-0.234519162218107,0.225941689015104,-0.00452879478166812
"288",19,288,8.88178419700125e-16,-0.377786544249003,0.253708856279196,-0.0689416126064044
"289",19,289,8.88178419700125e-16,-0.250308934622327,0.152160574382069,-0.0511507647556426
"290",19,290,8.88178419700125e-16,-0.242330532990656,0.220846170039714,-0.011351048362388
"291",19,291,8.88178419700125e-16,-0.368035358343682,0.220261294487279,-0.0809316232522674
"292",19,292,8.88178419700125e-16,-0.187316210730267,0.188901570644881,0.000821757840245407
"293",19,293,8.88178419700125e-16,-0.423914364974932,0.0134707733446663,-0.21603321683038
"294",19,294,8.88178419700125e-16,-0.297944366577398,0.164250017629418,-0.0706375341969658
"295",19,295,8.88178419700125e-16,-0.257191841543849,0.182289988990774,-0.0393539801113638
"296",19,296,8.88178419700125e-16,-0.268971634512359,0.122363546958913,-0.0762393323751189
"297",19,297,8.88178419700125e-16,-0.39758595517292,0.125128666568137,-0.14643486496965
"298",19,298,8.88178419700125e-16,-0.387161443939676,0.388951057290828,0.0010534422167825
"299",19,299,8.88178419700125e-16,-0.295071728121006,0.1075898977275,-0.0977393245025646
"300",19,300,8.88178419700125e-16,-0.391690328345148,0.197816512410122,-0.106265282833925
"301",19,301,8.88178419700125e-16,-0.367639409743937,0.0106321966727201,-0.185361322851764
"302",19,302,8.88178419700125e-16,-0.352063714603917,0.0671550505599979,-0.149149639793183
"303",19,303,8.88178419700125e-16,-0.253885382167987,0.248583744153112,-0.00282940928168096
"304",19,304,8.88178419700125e-16,-0.363302968537251,0.0318838732039765,-0.172648833614881
"305",19,305,8.88178419700125e-16,-0.29741874728946,0.0333556703005132,-0.135814288461584
"306",19,306,8.88178419700125e-16,-0.288034217397624,0.174244289664639,-0.0601178021565154
"307",19,307,8.88178419700125e-16,-0.204337740235045,0.0812244835093668,-0.0628427437516013
"308",19,308,8.88178419700125e-16,-0.418201249040606,0.090369335844979,-0.175607449676848
"309",19,309,8.88178419700125e-16,-0.318286708096895,0.206044526950886,-0.060278117146489
"310",19,310,8.88178419700125e-16,-0.394047804694553,0.237524553863426,-0.0869964629652007
"311",19,311,8.88178419700125e-16,-0.509754429198506,0.12391248507541,-0.215490997171867
"312",19,312,8.88178419700125e-16,-0.454726768113908,0.127499119837133,-0.179265002500628
"313",19,313,8.88178419700125e-16,-0.234682224151178,0.118033195397597,-0.0602035662061764
"314",19,314,8.88178419700125e-16,-0.31169312013115,0.0806346476653461,-0.120220510911745
"315",19,315,8.88178419700125e-16,-0.315288040252867,0.104386689621827,-0.110367573910553
"316",19,316,8.88178419700125e-16,-0.32213949500483,0.0773894197487687,-0.127545553305797
"317",19,317,8.88178419700125e-16,-0.59278859038034,0.314962314852029,-0.176099922271989
"318",19,318,8.88178419700125e-16,-0.331858940426222,0.0461106838350259,-0.148284788527424
"319",19,319,8.88178419700125e-16,-0.131074861014527,0.20907092668129,0.040161518567661
"320",19,320,8.88178419700125e-16,-0.39367532264227,0.104452176599859,-0.154408735395081
"321",19,321,8.88178419700125e-16,-0.290010349903049,0.175340937730042,-0.0606284561860848
"322",19,322,8.88178419700125e-16,-0.251318854316195,0.0927861159267197,-0.0817006408944319
"323",19,323,8.88178419700125e-16,-0.305054839337192,0.173131834681311,-0.0699805352189189
"324",19,324,8.88178419700125e-16,-0.350344385926667,0.0948521498669989,-0.134528566806047
"325",19,325,8.88178419700125e-16,-0.326668230615649,0.311825589982152,-0.00826358488800838
"326",19,326,8.88178419700125e-16,-0.227142485444559,0.190225312042487,-0.0192993531585575
"327",19,327,8.88178419700125e-16,-0.29396964273791,0.0825267994382298,-0.109652806384563
"328",19,328,8.88178419700125e-16,-0.298590499009251,0.224318164964743,-0.0398653367594139
"329",19,329,8.88178419700125e-16,-0.290172610073572,0.131819891745707,-0.0828909973107361
"330",19,330,8.88178419700125e-16,-0.391706969621555,-0.0699554766637542,-0.237329548802715
"331",19,331,8.88178419700125e-16,-0.2081342940675,0.0923502445403995,-0.0592336922579906
"332",19,332,8.88178419700125e-16,-0.304246736797457,0.0470648876743282,-0.132758321628406
"333",19,333,8.88178419700125e-16,-0.0788479663308805,0.32152704131773,0.12648754162187
"334",19,334,8.88178419700125e-16,-0.398288906659851,0.0505318758159825,-0.183419842375157
"335",19,335,8.88178419700125e-16,-0.345509536325532,0.103449585912509,-0.127558580276553
"336",19,336,8.88178419700125e-16,-0.661522954839436,0.261843392217372,-0.257767164117739
"337",19,337,8.88178419700125e-16,-0.311629738735759,0.204600457256641,-0.0573470582958413
"338",19,338,8.88178419700125e-16,-0.248127950767637,0.0510737235083663,-0.100805821667818
"339",19,339,8.88178419700125e-16,-0.604178825503913,0.187048032886254,-0.249812645185084
"340",19,340,8.88178419700125e-16,-0.34537135019582,0.065617277224744,-0.146178708856789
"341",19,341,8.88178419700125e-16,-0.427711302741312,0.0728921563091624,-0.18970897256696
"342",19,342,8.88178419700125e-16,-0.3524276885713,0.114569744431886,-0.125897446618047
"343",19,343,8.88178419700125e-16,-0.330782276005234,0.0936179263641856,-0.124261199162693
"344",19,344,8.88178419700125e-16,-0.379289229519294,0.241267102542262,-0.0764058392592231
"345",19,345,8.88178419700125e-16,-0.247742893381125,0.237373002000394,-0.00550907801721778
"346",19,346,8.88178419700125e-16,-0.416879732683423,0.119076478266815,-0.160726787257992
"347",19,347,8.88178419700125e-16,-0.316752512625505,0.23896397568531,-0.0421541315079157
"348",19,348,8.88178419700125e-16,-0.287717050214968,0.0860838542797955,-0.104506052176979
"349",19,349,8.88178419700125e-16,0.053814494265682,0.387848657499602,0.227513730670771
"350",19,350,8.88178419700125e-16,-0.320930098653056,0.020726946159181,-0.15472415214987
"351",19,351,8.88178419700125e-16,-0.29750881557068,0.128241327264505,-0.0886828699703557
"352",19,352,8.88178419700125e-16,-0.341009616988641,0.165912215109385,-0.0936122764561311
"353",19,353,8.88178419700125e-16,-0.241234730320905,0.230549678100445,-0.00565733900079635
"354",19,354,8.88178419700125e-16,-0.450810441086315,-0.00640280150469299,-0.241211379743666
"355",19,355,8.88178419700125e-16,-0.429294449513336,0.0143964978919483,-0.218725286499903
"356",19,356,8.88178419700125e-16,-0.237698250870297,0.350988563210397,0.0620390535499844
"357",19,357,8.88178419700125e-16,-0.235962513912512,0.210303937124677,-0.0135016298947999
"358",19,358,8.88178419700125e-16,-0.483000993569459,-0.010995536231487,-0.262641490882075
"359",19,359,8.88178419700125e-16,-0.226757551665722,0.208320917283666,-0.00967627130946602
"360",19,360,8.88178419700125e-16,-0.241326567573913,0.175176249572778,-0.0345764079659256
"361",19,361,8.88178419700125e-16,-0.300962114144781,0.235459636478892,-0.0352930560707847
"362",19,362,8.88178419700125e-16,-0.330825729175759,0.117467491038119,-0.112394540964178
"363",19,363,8.88178419700125e-16,-0.370073727114209,0.207356976897783,-0.0888156248864092
"364",19,364,8.88178419700125e-16,-0.404945457177081,0.00761292455177234,-0.207893458742348
"365",19,365,8.88178419700125e-16,-0.376761632148116,0.104296772654136,-0.144776922549845
"366",19,366,8.88178419700125e-16,-0.212224199049985,0.141733162888086,-0.0363866647937783
"367",19,367,8.88178419700125e-16,-0.505610182234009,0.080076518195082,-0.233873446370584
"368",19,368,8.88178419700125e-16,-0.385531956019788,0.14170956971095,-0.131175506612758
"369",19,369,8.88178419700125e-16,-0.514255832633071,0.0974010737143035,-0.231140405037274
"370",19,370,8.88178419700125e-16,-0.137724008816273,0.185525959890591,0.0245424657159796
"371",19,371,8.88178419700125e-16,-0.220997194947083,0.2045329672276,-0.00862247208171629
"372",19,372,8.88178419700125e-16,-0.373825595133505,0.168168259700142,-0.111080609706769
"373",19,373,8.88178419700125e-16,-0.100284209720472,0.22082945540998,0.0618736017760885
"374",19,374,8.88178419700125e-16,-0.328622255264413,0.132232417941341,-0.103761003223461
"375",19,375,8.88178419700125e-16,-0.322932310217459,0.126602716383352,-0.103444469510217
"376",19,376,8.88178419700125e-16,-0.323199408433055,-0.0276318795131582,-0.179462510053671
"377",19,377,8.88178419700125e-16,-0.195482689420844,0.283005850095511,0.0464242103521777
"378",19,378,8.88178419700125e-16,-0.325774572105224,-0.0136842806164793,-0.174097806737369
"379",19,379,8.88178419700125e-16,-0.337549192105358,-0.0127559867778563,-0.180055771252881
"380",19,380,8.88178419700125e-16,-0.296553261807398,0.107666545723385,-0.0985049126035715
"381",19,381,8.88178419700125e-16,-0.193795856051874,0.298983783254065,0.0560038882908512
"382",19,382,8.88178419700125e-16,-0.25122940258345,0.235403180665251,-0.00841110523508215
"383",19,383,8.88178419700125e-16,-0.328958341473522,0.288461074040453,-0.0223827109611079
"384",19,384,8.88178419700125e-16,-0.265854739758833,0.321083477601098,0.0302191392646081
"385",19,385,8.88178419700125e-16,-0.326563249121475,0.108238249282893,-0.114649884423616
"386",19,386,8.88178419700125e-16,-0.500360484424421,0.0487033461077822,-0.245409755595189
"387",19,387,8.88178419700125e-16,-0.229452890113802,0.214863699220803,-0.00767332846103908
"388",19,388,8.88178419700125e-16,-0.225031710606281,0.13091977328684,-0.048598884495378
"389",19,389,8.88178419700125e-16,-0.333894164630917,0.124452669010206,-0.110597438530989
"390",19,390,8.88178419700125e-16,-0.112942796221264,0.302800492766148,0.0992586750639763
"391",19,391,8.88178419700125e-16,-0.414524589817217,0.275098480711146,-0.079179333251538
"392",19,392,8.88178419700125e-16,-0.336800219102862,0.0521222486172737,-0.148058371001403
"393",19,393,8.88178419700125e-16,-0.281134451005646,0.248848800746321,-0.0173623617332286
"394",19,394,8.88178419700125e-16,-0.375272415011714,0.0281470027335227,-0.181173390383615
"395",19,395,8.88178419700125e-16,-0.123835210684973,0.198545743069545,0.0383532030362018
"396",19,396,8.88178419700125e-16,-0.274379233281778,0.2569730070575,-0.00936412232773032
"397",19,397,8.88178419700125e-16,-0.229377615939996,0.167107153088405,-0.0324102419419339
"398",19,398,8.88178419700125e-16,-0.204762892331448,0.311543284561661,0.0572148495236277
"399",19,399,8.88178419700125e-16,-0.188751533862764,0.311244581811195,0.0653470634948937
"400",19,400,8.88178419700125e-16,-0.233849737055131,0.11974194039261,-0.0589011662751535
"401",19,401,8.88178419700125e-16,-0.225014844970531,0.173811508336716,-0.0266626491946313
"402",19,402,8.88178419700125e-16,-0.307711931617212,0.280218553524954,-0.0150472769991969
"403",19,403,8.88178419700125e-16,-0.444371453834113,0.151728135015853,-0.160965748090156
"404",19,404,8.88178419700125e-16,-0.534107173644113,0.048687348669486,-0.266947415345073
"405",19,405,8.88178419700125e-16,-0.558077839238343,0.0368704364206557,-0.288175175727938
"406",19,406,8.88178419700125e-16,-0.229845768917344,0.135515202609626,-0.0487975184089384
"407",19,407,8.88178419700125e-16,-0.592032153450744,0.0892471905835011,-0.28732849183747
"408",19,408,8.88178419700125e-16,-0.143801183484567,0.275371632285786,0.0688220844134718
"409",19,409,8.88178419700125e-16,-0.23474920630406,0.19232943407271,-0.0222237454997269
"410",19,410,8.88178419700125e-16,-0.269639918905315,0.174723563631114,-0.0499287508407253
"411",19,411,8.88178419700125e-16,-0.193644202388022,0.197881960761659,0.00220331773212101
"412",19,412,8.88178419700125e-16,-0.230707320875736,0.211290646401791,-0.0102068971171139
"413",19,413,8.88178419700125e-16,-0.121911191096388,0.27766335628246,0.0811351823113597
"414",19,414,8.88178419700125e-16,-0.0773721899294789,0.328717810658358,0.131171285144092
"415",19,415,8.88178419700125e-16,-0.26446747966214,0.132253295902086,-0.068827619847964
"416",19,416,8.88178419700125e-16,-0.259201218644725,0.388592692934447,0.0723182533273973
"417",19,417,8.88178419700125e-16,-0.377795602034309,0.0490139446491723,-0.172474814749501
"418",19,418,8.88178419700125e-16,-0.399287198422783,0.263633869012885,-0.0762471928496209
"419",19,419,8.88178419700125e-16,-0.268114208612221,0.251325325360271,-0.00900169077892832
"420",19,420,8.88178419700125e-16,-0.339626239703164,0.272828509391909,-0.0368596465274889
"421",19,421,8.88178419700125e-16,-0.252219089154587,0.243993918009898,-0.00438235430445499
"422",19,422,8.88178419700125e-16,-0.162792864885009,0.176402427852107,0.00700631630165904
"423",19,423,8.88178419700125e-16,-0.471660262386613,-0.0228758920599835,-0.261335885307932
"424",19,424,8.88178419700125e-16,-0.231129677203862,-0.0201813981185441,-0.127092359845133
"425",19,425,8.88178419700125e-16,-0.285989118180814,0.0895202050868745,-0.101861554916193
"426",19,426,8.88178419700125e-16,-0.186642969845706,0.19702762674504,0.00539071658679136
"427",19,427,8.88178419700125e-16,-0.17803641013674,0.16324781962803,-0.0076160782817758
"428",19,428,8.88178419700125e-16,-0.400019565703936,0.121566052705529,-0.149619283036542
"429",19,429,8.88178419700125e-16,-0.191803903129656,0.281132637887457,0.047315736100347
"430",19,430,8.88178419700125e-16,-0.527913703683863,-0.0319585515852157,-0.300081249833408
"431",19,431,8.88178419700125e-16,-0.489936940566441,0.0116495744322557,-0.256318130366051
"432",19,432,8.88178419700125e-16,-0.0207883171601471,0.442631372060636,0.223515706719013
"433",19,433,8.88178419700125e-16,-0.36096418867895,0.102797120450286,-0.13655781360928
"434",19,434,8.88178419700125e-16,-0.527461588756864,0.0035701084724797,-0.283538567262509
"435",19,435,8.88178419700125e-16,-0.226128602821854,0.23518611423785,0.00478324323547652
"436",19,436,8.88178419700125e-16,-0.422783193675154,0.0367289286909275,-0.20425167930596
"437",19,437,8.88178419700125e-16,-0.508014427639875,0.0312898638854802,-0.258382942015669
"438",19,438,8.88178419700125e-16,-0.141927632598567,0.228370416591921,0.044758701479883
"439",19,439,8.88178419700125e-16,-0.302844509130697,0.126786961568155,-0.0923240493594824
"440",19,440,8.88178419700125e-16,-0.412240046732855,-0.0288685254341795,-0.229433797372125
"441",19,441,8.88178419700125e-16,-0.112140890855675,0.181075711718527,0.0352254667827522
"442",19,442,8.88178419700125e-16,-0.309043214228217,0.213916037195087,-0.0510633728755581
"443",19,443,8.88178419700125e-16,-0.140251738107341,0.237348759903714,0.050347574529971
"444",19,444,8.88178419700125e-16,-0.130444498230431,0.291735489829626,0.0844335633922501
"445",19,445,8.88178419700125e-16,-0.284721769321152,0.0833717775369112,-0.10424350920147
"446",19,446,8.88178419700125e-16,-0.20144941258716,0.197922388122158,-0.00183675196009347
"447",19,447,8.88178419700125e-16,-0.393601586942539,0.00287284406639883,-0.203701191258723
"448",19,448,8.88178419700125e-16,-0.253188966202766,0.0433908783733366,-0.107285085072428
"449",19,449,8.88178419700125e-16,-0.312285596346067,0.0289742281256437,-0.145996060245082
"450",19,450,8.88178419700125e-16,-0.342800675521681,0.253922636714611,-0.048791896497911
"451",19,451,8.88178419700125e-16,-0.40927568071668,0.0652991902260434,-0.182603142011316
"452",19,452,8.88178419700125e-16,-0.158077479813401,0.167797754479726,0.00499268980915335
"453",19,453,8.88178419700125e-16,-0.272678989121106,0.232140119552832,-0.0216493318676485
"454",19,454,8.88178419700125e-16,-0.352250482795451,0.0521343561666163,-0.15661484940502
"455",19,455,8.88178419700125e-16,-0.259743638497491,0.242398746949773,-0.00925595807113688
"456",19,456,8.88178419700125e-16,-0.230960923312566,0.12745257872059,-0.053476334254039
"457",19,457,8.88178419700125e-16,-0.236395793939814,0.246790551548413,0.00551954900444407
"458",19,458,8.88178419700125e-16,-0.22450455709891,0.176105989038459,-0.025211440046206
"459",19,459,8.88178419700125e-16,-0.302333667114848,0.115713194172765,-0.0976142852009432
"460",19,460,8.88178419700125e-16,-0.437754971417172,0.371296508385835,-0.0397411085823838
"461",19,461,8.88178419700125e-16,-0.530591637921543,0.282811924001721,-0.148998676949762
"462",19,462,8.88178419700125e-16,-0.370543287324162,0.16415187063963,-0.111238800996438
"463",19,463,8.88178419700125e-16,-0.231340722230689,0.157312795400824,-0.0384687250211864
"464",19,464,8.88178419700125e-16,-0.51760922802613,-0.0385144862871766,-0.29661232417605
"465",19,465,8.88178419700125e-16,-0.28114797578913,0.175479516675712,-0.0557488436668878
"466",19,466,8.88178419700125e-16,-0.387393524465646,0.111029635351185,-0.147535536633602
"467",19,467,8.88178419700125e-16,-0.409527168893246,-0.0163633161759981,-0.221947777479086
"468",19,468,8.88178419700125e-16,-0.324014041559527,0.208920545095919,-0.0619620997701038
"469",19,469,8.88178419700125e-16,-0.239911549582601,0.191661406300493,-0.0253040439008529
"470",19,470,8.88178419700125e-16,-0.272813777463184,0.18493706580202,-0.0463724900549385
"471",19,471,8.88178419700125e-16,-0.292565427823518,0.185790115948118,-0.0566374870464625
"472",19,472,8.88178419700125e-16,-0.286853597521784,0.0341103560439276,-0.129769486639777
"473",19,473,8.88178419700125e-16,-0.331382772090694,0.0726314362407623,-0.134981751768096
"474",19,474,8.88178419700125e-16,-0.0946479906115317,0.410761552713521,0.169155762312195
"475",19,475,8.88178419700125e-16,-0.263529600956081,0.19646860911193,-0.0354056672923211
"476",19,476,8.88178419700125e-16,-0.598655890003783,0.3214829538267,-0.176991100731653
"477",19,477,8.88178419700125e-16,-0.145842087758688,0.363061054932209,0.116231154138861
"478",19,478,8.88178419700125e-16,-0.254940755801274,0.25854724112679,0.00193049657667399
"479",19,479,8.88178419700125e-16,-0.137530534731216,0.189064066779033,0.0264731819842822
"480",19,480,8.88178419700125e-16,-0.500050320896298,0.169503723192136,-0.186886265810956
"481",19,481,8.88178419700125e-16,-0.55673946038083,0.176432396381023,-0.221182172210013
"482",19,482,8.88178419700125e-16,-0.175295042736814,0.252593233718106,0.0405060493005722
"483",19,483,8.88178419700125e-16,-0.27958754025074,0.219806370886369,-0.0318801631568619
"484",19,484,8.88178419700125e-16,-0.278053282651374,0.327283787930326,0.0270994419885192
"485",19,485,8.88178419700125e-16,-0.148247266051131,0.147168514798229,-0.000551405997030852
"486",19,486,8.88178419700125e-16,-0.496811650149096,0.0382029608802622,-0.248131955063908
"487",19,487,8.88178419700125e-16,-0.377775974655567,0.0280679995486543,-0.182621917931499
"488",19,488,8.88178419700125e-16,-0.318472859259404,0.0395974327984989,-0.144153118707418
"489",19,489,8.88178419700125e-16,-0.37141343791301,-0.0459525852817667,-0.214633270340266
"490",19,490,8.88178419700125e-16,-0.339161617562135,0.0840566454936793,-0.133640472743251
"491",19,491,8.88178419700125e-16,-0.366539744935164,0.0104534964227035,-0.184833928721494
"492",19,492,8.88178419700125e-16,-0.234531036596807,0.205906788605005,-0.0150417514031389
"493",19,493,8.88178419700125e-16,-0.407132569445489,0.00579884176688002,-0.210013205117048
"494",19,494,8.88178419700125e-16,-0.278567253470981,0.193253767690024,-0.0451758008314012
"495",19,495,8.88178419700125e-16,-0.226782900585544,0.406363413627676,0.0998918821783666
"496",19,496,8.88178419700125e-16,-0.277502115968808,0.12558341652432,-0.0791957075146308
"497",19,497,8.88178419700125e-16,-0.286443555660459,0.0894086025374713,-0.102162138872425
"498",19,498,8.88178419700125e-16,-0.340970130162256,0.293029961903456,-0.0266498094084273
"499",19,499,8.88178419700125e-16,-0.323288654325264,0.11505711039789,-0.109433171053316
"500",19,500,8.88178419700125e-16,-0.328610647207112,0.160864264041404,-0.0892598655623558
"501",19,501,8.88178419700125e-16,-0.273399979227485,0.0368566072953028,-0.121231536204296
"502",19,502,8.88178419700125e-16,-0.315692778871399,0.135571444279227,-0.0949354988692874
"503",19,503,8.88178419700125e-16,-0.283879762387699,0.30889562515282,0.0137127430631162
"504",19,504,8.88178419700125e-16,-0.241738948113676,0.277637719723498,0.0192478730726251
"505",19,505,8.88178419700125e-16,-0.285436636270625,0.180743843775055,-0.0553630732022565
"506",19,506,8.88178419700125e-16,-0.329742054119945,0.131088772154817,-0.104957680902274
"507",19,507,8.88178419700125e-16,-0.149069026828532,0.0764405301530394,-0.0367825134501576
"508",19,508,8.88178419700125e-16,-0.193725259664992,0.225827989503932,0.0167904484847287
"509",19,509,8.88178419700125e-16,-0.267932657494614,0.165563558465304,-0.0537150247732419
"510",19,510,8.88178419700125e-16,-0.298884409129037,0.122777970318748,-0.0921843261101998
"511",19,511,8.88178419700125e-16,-0.321721545313813,0.155121878791378,-0.088359887179023
"512",19,512,8.88178419700125e-16,-0.413899800357587,-0.0905415727550216,-0.259478481833388
"513",19,513,8.88178419700125e-16,-0.369226714049806,0.348754606702587,-0.0117505840695766
"514",19,514,8.88178419700125e-16,-0.316211455418811,0.180193071661446,-0.0724974826585687
"515",19,515,8.88178419700125e-16,-0.376110075489942,0.293516916905952,-0.046521704391149
"516",19,516,8.88178419700125e-16,-0.309703372713402,0.1026551276124,-0.108174696608001
"517",19,517,8.88178419700125e-16,-0.0785606700801278,0.272761162218424,0.100223200715505
"518",19,518,8.88178419700125e-16,-0.341088728141125,-0.0475461876727769,-0.19877138425028
"519",19,519,8.88178419700125e-16,-0.326533744220935,0.181074388853124,-0.0777676959234592
"520",19,520,8.88178419700125e-16,-0.138750059488022,0.279520188265901,0.0736218738590553
"521",19,521,8.88178419700125e-16,-0.282435398959247,0.190029893438636,-0.0489400860721485
"522",19,522,8.88178419700125e-16,-0.460815627632556,-0.0581835232847585,-0.271328938592414
"523",19,523,8.88178419700125e-16,-0.361973074423183,0.24182971259655,-0.0661224052508751
"524",19,524,8.88178419700125e-16,-0.295642325198443,0.300571291816239,0.00270485946790366
"525",19,525,8.88178419700125e-16,-0.199250926635548,0.214057885622665,0.00773377744179204
"526",19,526,8.88178419700125e-16,-0.212227070573363,0.14740386779536,-0.0334958189850472
"527",19,527,8.88178419700125e-16,-0.259764070182705,0.276232132576357,0.00887123639726273
"528",19,528,8.88178419700125e-16,-0.190143197701845,0.135750165651571,-0.0279389032946731
"529",19,529,8.88178419700125e-16,-0.164230356745839,0.177430719334817,0.00679859406262961
"530",19,530,8.88178419700125e-16,-0.362922824162218,0.0892711419000675,-0.144353877921759
"531",19,531,8.88178419700125e-16,-0.361663654535544,0.157249896940806,-0.10967356060774
"532",19,532,8.88178419700125e-16,-0.332043435749346,-0.0402389972882495,-0.190341946516669
"533",19,533,8.88178419700125e-16,-0.297811930035124,0.315787725287417,0.00992189007386368
"534",19,534,8.88178419700125e-16,-0.451304064314344,0.0984956920144577,-0.191371384083124
"535",19,535,8.88178419700125e-16,-0.573532949045445,0.172701132363836,-0.234703249486397
"536",19,536,8.88178419700125e-16,-0.358856154080749,0.0713774451009695,-0.150875944529405
"537",19,537,8.88178419700125e-16,-0.257453423950714,0.054822252074329,-0.10387488887041
"538",19,538,8.88178419700125e-16,-0.371912599035722,0.0523605893819946,-0.167522159860989
"539",19,539,8.88178419700125e-16,-0.598742055705807,-0.02233259694062,-0.342357085648146
"540",19,540,8.88178419700125e-16,-0.380467719726925,0.111081907774824,-0.143534042874867
"541",19,541,8.88178419700125e-16,-0.234805736298363,0.167004869731947,-0.0353280886467304
"542",19,542,8.88178419700125e-16,-0.0298564580314773,0.323533636325257,0.151682158849107
"543",19,543,8.88178419700125e-16,-0.456323790682534,0.0713124149117771,-0.207552540588643
"544",19,544,8.88178419700125e-16,-0.451855819663859,-0.0170526453996704,-0.246837242190778
"545",19,545,8.88178419700125e-16,-0.31807098289048,0.206410952834839,-0.0599678791829401
"546",19,546,8.88178419700125e-16,-0.454490034000985,0.125288630054229,-0.180207523880326
"547",19,547,8.88178419700125e-16,-0.220615515758704,0.181931362718284,-0.0201590586475999
"548",19,548,8.88178419700125e-16,-0.313613592996219,0.189130544255124,-0.066458330518522
"549",19,549,8.88178419700125e-16,-0.287349208239014,0.0302011504259742,-0.131958047437386
"550",19,550,8.88178419700125e-16,-0.311664242706913,0.155074794615021,-0.0828355056570906
"551",19,551,8.88178419700125e-16,-0.0801987544157994,0.26598482867231,0.0957887063296269
"552",19,552,8.88178419700125e-16,-0.481310410836909,0.291119138149305,-0.111978305362804
"553",19,553,8.88178419700125e-16,-0.180813659880131,0.479261826727699,0.167993250989427
"554",19,554,8.88178419700125e-16,-0.281168300686006,0.225817955642773,-0.0295773324339723
"555",19,555,8.88178419700125e-16,-0.321323783823778,0.0614070940802557,-0.13499005088234
"556",19,556,8.88178419700125e-16,-0.206903154986859,0.229074538197792,0.0116388301406288
"557",19,557,8.88178419700125e-16,-0.465604992516947,0.354201539081064,-0.0670015443130045
"558",19,558,8.88178419700125e-16,-0.438797258000675,0.145164200958063,-0.160862191802489
"559",19,559,8.88178419700125e-16,-0.159982038936655,0.252539190106803,0.0483397248039428
"560",19,560,8.88178419700125e-16,-0.32263803087475,0.302677228972837,-0.0110618712917452
"561",19,561,8.88178419700125e-16,-0.306773219886085,0.119822796697756,-0.0979738319299193
"562",19,562,8.88178419700125e-16,-0.166304032353664,0.0878443839142512,-0.0398747242634956
"563",19,563,8.88178419700125e-16,-0.45649198763269,0.0090517396274028,-0.237298457268069
"564",19,564,8.88178419700125e-16,-0.278970317866572,0.0147389369690222,-0.135081838573672
"565",19,565,8.88178419700125e-16,-0.121305756117663,0.280736049700157,0.0830953716592951
"566",19,566,8.88178419700125e-16,-0.230391372171791,0.238484960641121,0.00428215068399718
"567",19,567,8.88178419700125e-16,-0.379247214627289,0.109531362756551,-0.143604232657199
"568",19,568,8.88178419700125e-16,-0.383800434877643,0.120428108962613,-0.140805040385933
"569",19,569,8.88178419700125e-16,-0.32838556578653,0.184904837729166,-0.0768288799270065
"570",19,570,8.88178419700125e-16,-0.29355185222175,0.163530787318107,-0.0686101755745565
"571",19,571,8.88178419700125e-16,-0.249425067411705,0.176026653965712,-0.0384412174765121
"572",19,572,8.88178419700125e-16,-0.355848050730222,0.109238370670175,-0.130475867735391
"573",19,573,8.88178419700125e-16,-0.294565309565848,0.291509932548638,-0.00167119624706058
"574",19,574,8.88178419700125e-16,-0.340108887152492,-0.0335290988616139,-0.19148540949988
"575",19,575,8.88178419700125e-16,-0.420053080346467,-0.0582968284081382,-0.247792700154888
"576",19,576,8.88178419700125e-16,-0.21136466974219,0.271818204926783,0.0321022829055657
"577",19,577,8.88178419700125e-16,-0.353639192684966,0.136688075062882,-0.115506171977222
"578",19,578,8.88178419700125e-16,-0.310563630225967,0.158260068772375,-0.0806084870466153
"579",19,579,8.88178419700125e-16,-0.18707210576871,0.140269706331722,-0.0240457026407856
"580",19,580,8.88178419700125e-16,-0.19180757674136,0.158936015178247,-0.016957457301386
"581",19,581,8.88178419700125e-16,-0.222764917817901,0.16955730811265,-0.0276692804424665
"582",19,582,8.88178419700125e-16,-0.325853129668327,0.179674434959812,-0.0781083027147531
"583",19,583,8.88178419700125e-16,-0.525365063174958,0.101691340091237,-0.236287817920914
"584",19,584,8.88178419700125e-16,-0.316757219305268,0.208646317409595,-0.0580760284507449
"585",19,585,8.88178419700125e-16,-0.206048301316644,0.198390075218822,-0.00399237410235576
"586",19,586,8.88178419700125e-16,-0.255430687622755,0.171711518523863,-0.0438640175393097
"587",19,587,8.88178419700125e-16,-0.393263649078214,-0.0336471247777227,-0.220952603132563
"588",19,588,8.88178419700125e-16,-0.33043261236214,0.354156032319227,0.0134362211907691
"589",19,589,8.88178419700125e-16,-0.221634290720235,0.357806972000972,0.0743597106450953
"590",19,590,8.88178419700125e-16,-0.360456192976262,0.113124088693277,-0.131140242664853
"591",19,591,8.88178419700125e-16,-0.170509426266552,0.12837609637164,-0.02154812067516
"592",19,592,8.88178419700125e-16,-0.381420508191393,0.0967150871063845,-0.151183406714442
"593",19,593,8.88178419700125e-16,-0.264310382189842,0.122843510704406,-0.0735021035398276
"594",19,594,8.88178419700125e-16,-0.309846625513504,0.233007621877585,-0.041480348321649
"595",19,595,8.88178419700125e-16,-0.295932289213481,0.187262219338152,-0.0577143761406669
"596",19,596,8.88178419700125e-16,-0.314672555992298,0.323540943608717,0.00493692781788935
"597",19,597,8.88178419700125e-16,-0.243549423330161,0.249430111503996,0.00313054926241618
"598",19,598,8.88178419700125e-16,-0.272141690384522,0.197888196518559,-0.0393005687010326
"599",19,599,8.88178419700125e-16,-0.109387390518331,0.362841472644408,0.134346592421752
"600",19,600,8.88178419700125e-16,-0.265688229864982,0.246156711101748,-0.0104502843109908
"601",19,601,8.88178419700125e-16,-0.231864828651009,0.241502653053092,0.00510489111784118
"602",19,602,8.88178419700125e-16,-0.247359693078079,0.146407339158226,-0.0525173230177562
"603",19,603,8.88178419700125e-16,-0.217513591449849,0.0809892867613588,-0.0698250232876758
"604",19,604,8.88178419700125e-16,-0.207867869289328,0.137150828755944,-0.0364444885342332
"605",19,605,8.88178419700125e-16,-0.245372006519027,0.183283240855188,-0.0325406945047779
"606",19,606,8.88178419700125e-16,-0.46993348612196,0.072005567194302,-0.215495396740978
"607",19,607,8.88178419700125e-16,-0.297203779437141,0.119407850832695,-0.0929654739396921
"608",19,608,8.88178419700125e-16,-0.341926146363531,0.210591114779805,-0.0711208443275306
"609",19,609,8.88178419700125e-16,-0.292281777926742,0.380893457152934,0.0499807915208277
"610",19,610,8.88178419700125e-16,-0.267809219002109,0.196074627343502,-0.0379094916607243
"611",19,611,8.88178419700125e-16,-0.405344513410861,0.314720903149618,-0.0520783537325735
"612",19,612,8.88178419700125e-16,-0.282502185700672,0.0835562925842319,-0.102957687434629
"613",19,613,8.88178419700125e-16,-0.495387380257204,0.342339799119389,-0.0929480393178144
"614",19,614,8.88178419700125e-16,-0.424703498728894,-0.0584810978610996,-0.25053382985965
"615",19,615,8.88178419700125e-16,-0.299997035637746,0.101302238163092,-0.103560099046458
"616",19,616,8.88178419700125e-16,-0.351624297990953,0.0180305896165497,-0.172877919092838
"617",19,617,8.88178419700125e-16,-0.280611490220126,0.0305540598122885,-0.128182025622195
"618",19,618,8.88178419700125e-16,-0.533835233199577,0.0665145529693203,-0.258444078834009
"619",19,619,8.88178419700125e-16,0.129356264154382,0.390889162484164,0.264989460955363
"620",19,620,8.88178419700125e-16,-0.190425580936603,0.180332696096844,-0.00522604232189949
"621",19,621,8.88178419700125e-16,-0.405508159239536,0.0411649192839025,-0.192100943268912
"622",19,622,8.88178419700125e-16,-0.258670921332179,0.0431122854227715,-0.110321371317329
"623",19,623,8.88178419700125e-16,-0.222106966948402,0.275678967994537,0.0285563554938321
"624",19,624,8.88178419700125e-16,-0.192704994670964,0.0866222172984052,-0.054099689881884
"625",19,625,8.88178419700125e-16,-0.282429283895942,0.30178109314489,0.0105786226709248
"626",19,626,8.88178419700125e-16,-0.229605597923648,0.23216034158121,0.00134929895912839
"627",19,627,8.88178419700125e-16,-0.374201129609929,0.188220237364244,-0.101057858681412
"628",19,628,8.88178419700125e-16,-0.218043881261774,0.338659329069568,0.065394528154134
"629",19,629,8.88178419700125e-16,-0.322446568005634,0.0909201427937387,-0.121005776426013
"630",19,630,8.88178419700125e-16,-0.334532584046808,0.0408120438681391,-0.152348940015065
"631",19,631,8.88178419700125e-16,-0.46884480753333,0.011280963910321,-0.243652609114189
"632",19,632,8.88178419700125e-16,-0.0358990460692901,0.337287750729726,0.15626630199265
"633",19,633,8.88178419700125e-16,-0.247784524247345,0.168858277832977,-0.0412564838843847
"634",19,634,8.88178419700125e-16,-0.300428361347027,0.075530842549943,-0.116624608441815
"635",19,635,8.88178419700125e-16,-0.349050696559569,0.0775571189126763,-0.142351183730359
"636",19,636,8.88178419700125e-16,-0.25807315867127,0.229278371297399,-0.0153064590875713
"637",19,637,8.88178419700125e-16,-0.251784843556369,0.236045068688872,-0.00836775571085813
"638",19,638,8.88178419700125e-16,-0.356852701702578,0.0505102268551553,-0.159974677327178
"639",19,639,8.88178419700125e-16,-0.466601063678732,0.0281538661826857,-0.234340849173169
"640",19,640,8.88178419700125e-16,-0.243171164108331,0.160759133054146,-0.0429615202784519
"641",19,641,8.88178419700125e-16,-0.296800101066681,0.140204615079948,-0.0822500849345327
"642",19,642,8.88178419700125e-16,-0.441828664398873,-0.0403794420660587,-0.251909906114826
"643",19,643,8.88178419700125e-16,-0.21354286698289,0.239153405533402,0.0134968809723259
"644",19,644,8.88178419700125e-16,-0.300438459891226,0.211306757485179,-0.0476951414202111
"645",19,645,8.88178419700125e-16,-0.435950502662642,0.0999190395140606,-0.181451581719854
"646",19,646,8.88178419700125e-16,-0.221731549804821,0.205422981851274,-0.00854405010035841
"647",19,647,8.88178419700125e-16,-0.391890030367655,0.0433965927918115,-0.183211374639794
"648",19,648,8.88178419700125e-16,-0.177474633034395,0.174161785255083,-0.00170926078145617
"649",19,649,8.88178419700125e-16,-0.192276627402173,0.0886215913422744,-0.0528733613545354
"650",19,650,8.88178419700125e-16,-0.247618554493905,0.227217457499754,-0.0108099431027251
"651",19,651,8.88178419700125e-16,-0.333792559094452,0.277837776501182,-0.0308666229557422
"652",19,652,8.88178419700125e-16,-0.222281732526389,0.275110191902556,0.0281570291787669
"653",19,653,8.88178419700125e-16,-0.322177279866599,0.469848626855185,0.0876750062738956
"654",19,654,8.88178419700125e-16,-0.275526717081304,0.241670348616488,-0.0181417541000575
"655",19,655,8.88178419700125e-16,-0.312318691112177,0.226601571614542,-0.0462212920603411
"656",19,656,8.88178419700125e-16,-0.243421789439463,0.32276672975724,0.0431353662055497
"657",19,657,8.88178419700125e-16,-0.482887155770142,0.111848488153027,-0.20429645384902
"658",19,658,8.88178419700125e-16,-0.381557764775274,0.0531038239534438,-0.172618057989073
"659",19,659,8.88178419700125e-16,-0.224431920338573,0.369943300978334,0.0798492213121651
"660",19,660,8.88178419700125e-16,-0.439394167471688,0.0948920764433255,-0.185961438874267
"661",19,661,8.88178419700125e-16,-0.423785005010887,0.10896674433749,-0.169787406556758
"662",19,662,8.88178419700125e-16,-0.193307190549872,0.19396687282429,0.000342690418732805
"663",19,663,8.88178419700125e-16,-0.223478635854831,0.275759492456989,0.0278788151473994
"664",19,664,8.88178419700125e-16,-0.429489994998094,0.0128637433630439,-0.219569111726185
"665",19,665,8.88178419700125e-16,-0.476512125942733,0.0876176784460801,-0.212042986825463
"666",19,666,8.88178419700125e-16,-0.396433569515235,0.182830019852328,-0.116716294739533
"667",19,667,8.88178419700125e-16,-0.275767413873689,0.104015483882674,-0.0891140893494307
"668",19,668,8.88178419700125e-16,-0.445169282413497,0.223580253003905,-0.124962260120684
"669",19,669,8.88178419700125e-16,-0.279989964097,0.119789132901958,-0.083457470051914
"670",19,670,8.88178419700125e-16,-0.234565442820335,0.22097813143262,-0.00716541545143401
"671",19,671,8.88178419700125e-16,-0.156874015142426,0.19119601816666,0.017697179843036
"672",19,672,8.88178419700125e-16,-0.407449838011821,0.305081468188132,-0.0586508748253096
"673",19,673,8.88178419700125e-16,-0.26242778548816,0.157865632070012,-0.0547038158604873
"674",19,674,8.88178419700125e-16,-0.352505054417498,0.199646815893917,-0.0827784946189323
"675",19,675,8.88178419700125e-16,-0.417030214579512,0.239510260985617,-0.0995873512975474
"676",19,676,8.88178419700125e-16,-0.199355409238009,0.236306025290731,0.0193959815659808
"677",19,677,8.88178419700125e-16,-0.169424090129683,0.259677071486529,0.0473088693943251
"678",19,678,8.88178419700125e-16,-0.427074015130708,0.0906776838534284,-0.180686737957953
"679",19,679,8.88178419700125e-16,-0.3311830405856,0.107906623931258,-0.117370573567009
"680",19,680,8.88178419700125e-16,-0.231789626269911,0.165814055934095,-0.0343467844716188
"681",19,681,8.88178419700125e-16,-0.347222431614304,0.233666783326936,-0.0620289614350733
"682",19,682,8.88178419700125e-16,-0.402907916910745,0.0559337391957548,-0.183460792705761
"683",19,683,8.88178419700125e-16,-0.269538559265561,0.0241978470291401,-0.125417926065925
"684",19,684,8.88178419700125e-16,-0.272700634188471,0.130796867290277,-0.0739789027087996
"685",19,685,8.88178419700125e-16,-0.285751408143569,0.25739724373913,-0.0153061994448287
"686",19,686,8.88178419700125e-16,-0.171133632737631,0.10083266753319,-0.0358135608191685
"687",19,687,8.88178419700125e-16,-0.11553473416239,0.173853922441211,0.0297837010925274
"688",19,688,8.88178419700125e-16,-0.0269959795181023,0.287026774089402,0.133361102707018
"689",19,689,8.88178419700125e-16,-0.165221566814898,0.14062375848051,-0.0125934519535915
"690",19,690,8.88178419700125e-16,-0.243633265094498,0.0797556873427771,-0.0841542884473814
"691",19,691,8.88178419700125e-16,-0.238136826300661,0.122447463113867,-0.0597950822346274
"692",19,692,8.88178419700125e-16,-0.248336882578374,0.145108021654054,-0.0536983161457556
"693",19,693,8.88178419700125e-16,-0.264401309620372,0.109513006100161,-0.0802672815864227
"694",19,694,8.88178419700125e-16,-0.286699693731908,0.105563991520755,-0.0942236137077908
"695",19,695,8.88178419700125e-16,-0.202655710606281,0.135393302253706,-0.0346214677376686
"696",19,696,8.88178419700125e-16,-0.360604375708927,0.0220320666698663,-0.175923062903868
"697",19,697,8.88178419700125e-16,-0.379980190350178,0.0816245045167023,-0.157785652709994
"698",19,698,8.88178419700125e-16,-0.288515818637143,0.198713798850988,-0.0477404021346739
"699",19,699,8.88178419700125e-16,-0.414723957784178,0.214641361626965,-0.111174158476598
"700",19,700,8.88178419700125e-16,-0.39571103999968,0.200016034624544,-0.107485244029466
"701",19,701,8.88178419700125e-16,-0.410534424384057,0.206141861761079,-0.113071981718636
"702",19,702,8.88178419700125e-16,-0.38002745421972,0.07408121882943,-0.16151050877008
"703",19,703,8.88178419700125e-16,-0.208333732452686,0.230550500545361,0.0116704453704951
"704",19,704,8.88178419700125e-16,-0.260713348612752,0.219848207115628,-0.02168511249297
"705",19,705,8.88178419700125e-16,-0.220613328188906,0.345894199274447,0.0681301276346975
"706",19,706,8.88178419700125e-16,-0.21339468919049,0.0868262806283377,-0.0647492114901722
"707",19,707,8.88178419700125e-16,-0.00510633586774645,0.326696385038522,0.165473898524288
"708",19,708,8.88178419700125e-16,-0.338916810838009,0.0411962428430176,-0.154575274842136
"709",19,709,8.88178419700125e-16,-0.145574611712979,0.220753402703046,0.0388962381889137
"710",19,710,8.88178419700125e-16,-0.226928141158869,0.26239109014382,0.0188608299179032
"711",19,711,8.88178419700125e-16,-0.242925133071353,0.290260870778256,0.0254798619676375
"712",19,712,8.88178419700125e-16,-0.237400581594502,0.108858439530684,-0.0662658064042088
"713",19,713,8.88178419700125e-16,-0.395863758864108,0.124858097524335,-0.145569208661908
"714",19,714,8.88178419700125e-16,-0.224930193294337,0.272407449444818,0.0253042892015288
"715",19,715,8.88178419700125e-16,-0.255628910408641,0.132374811388399,-0.0640471254948438
"716",19,716,8.88178419700125e-16,-0.251580503075161,0.150331562244693,-0.0527608346636186
"717",19,717,8.88178419700125e-16,-0.430776832434401,0.127786185404189,-0.164667705053109
"718",19,718,8.88178419700125e-16,-0.265136621266063,0.29292896229468,0.0150697352970692
"719",19,719,8.88178419700125e-16,-0.310529675146536,0.174252285840033,-0.0724143820879048
"720",19,720,8.88178419700125e-16,-0.246841185205815,0.221971361146448,-0.0131580145707271
"721",19,721,8.88178419700125e-16,-0.24378925664884,0.126431077164863,-0.0607688325475799
"722",19,722,8.88178419700125e-16,-0.170160922336935,0.30944810743334,0.0739162290374312
"723",19,723,8.88178419700125e-16,-0.262185749988197,0.298154764873085,0.0195170429372736
"724",19,724,8.88178419700125e-16,-0.324173019752807,0.129916318792915,-0.102463357480106
"725",19,725,8.88178419700125e-16,-0.41748145997867,0.21756390647171,-0.111307093499538
"726",19,726,8.88178419700125e-16,-0.472362704313241,0.060772997491859,-0.222352536263825
"727",19,727,8.88178419700125e-16,-0.241157468557636,0.224379064454688,-0.0088698137789176
"728",19,728,8.88178419700125e-16,-0.388435889713493,0.101222641717793,-0.152982593778266
"729",19,729,8.88178419700125e-16,-0.158417580757653,0.215884341990025,0.0297772357855829
"730",19,730,8.88178419700125e-16,-0.386946297252841,0.129212948701442,-0.138241250638279
"731",19,731,8.88178419700125e-16,-0.380890369127624,0.0766495890047587,-0.160743900922719
"732",19,732,8.88178419700125e-16,-0.0855328512485332,0.227150404569796,0.0725922963141735
"733",19,733,8.88178419700125e-16,-0.318806428545253,0.0735454626194126,-0.127620026788653
"734",19,734,8.88178419700125e-16,-0.506424870572932,0.00759489001203984,-0.268417185185649
"735",19,735,8.88178419700125e-16,-0.620448837149568,0.19038009866753,-0.260366477841171
"736",19,736,8.88178419700125e-16,-0.439296228628174,0.150075948395432,-0.158716874958842
"737",19,737,8.88178419700125e-16,-0.282593343976398,0.151263627166553,-0.0689229794162709
"738",19,738,8.88178419700125e-16,-0.300082129691005,0.180960482649644,-0.0632326954612203
"739",19,739,8.88178419700125e-16,-0.148721891706385,0.267823611611929,0.0622616688922506
"740",19,740,8.88178419700125e-16,-0.402492063215446,0.179908970805195,-0.121758196197544
"741",19,741,8.88178419700125e-16,-0.530958188835827,0.0831753612865713,-0.248726909800104
"742",19,742,8.88178419700125e-16,-0.543805818137661,0.132627227697637,-0.233667478102288
"743",19,743,8.88178419700125e-16,-0.288936119094205,0.156118808483036,-0.069885409617882
"744",19,744,8.88178419700125e-16,-0.240909148343524,0.137987969065499,-0.0533817797108451
"745",19,745,8.88178419700125e-16,-0.181605752178526,0.215474792676202,0.0176296578628298
"746",19,746,8.88178419700125e-16,-0.204419592591639,0.174637146298294,-0.0154461935593981
"747",19,747,8.88178419700125e-16,-0.147155680772218,0.288091591792734,0.0739905163394581
"748",19,748,8.88178419700125e-16,-0.324857571211835,0.125153893798774,-0.105236276545591
"749",19,749,8.88178419700125e-16,-0.114273516825525,0.410676479569407,0.159452540012933
"750",19,750,8.88178419700125e-16,-0.226028402649993,0.199442021163422,-0.0139234299005038
"751",19,751,8.88178419700125e-16,-0.177190942721246,0.182375237374034,0.00267872972105998
"752",19,752,8.88178419700125e-16,-0.415087487505601,0.28124222737577,-0.0762078003453057
"753",19,753,8.88178419700125e-16,-0.364827418835189,0.210362584816921,-0.084246123337288
"754",19,754,8.88178419700125e-16,-0.169022919988973,0.275760892970277,0.0561546400364243
"755",19,755,8.88178419700125e-16,-0.375140795791328,0.163520323623557,-0.114195147213697
"756",19,756,8.88178419700125e-16,-0.20378091861843,0.276593817313235,0.0386386521273432
"757",19,757,8.88178419700125e-16,-0.315001805014708,0.183873672086521,-0.0699354361635522
"758",19,758,8.88178419700125e-16,-0.233732028881626,0.184133965536262,-0.025931759121399
"759",19,759,8.88178419700125e-16,-0.464421860802112,0.160246146868113,-0.16901020940786
"760",19,760,8.88178419700125e-16,-0.425419766468382,0.332211028917319,-0.0544358400362042
"761",19,761,8.88178419700125e-16,-0.344699271928292,0.159802625646177,-0.0987924849147006
"762",19,762,8.88178419700125e-16,-0.324941377277214,-0.0324974919594749,-0.182758916658163
"763",19,763,8.88178419700125e-16,-0.148238269948596,0.157347627009165,0.00466355472295421
"764",19,764,8.88178419700125e-16,-0.390282502143568,0.184801722849951,-0.112118419213342
"765",19,765,8.88178419700125e-16,-0.438395340848903,0.242703310977776,-0.110841696027447
"766",19,766,8.88178419700125e-16,-0.447242886908587,0.271369900188872,-0.101106553480722
"767",19,767,8.88178419700125e-16,-0.498147712891143,0.113110479491524,-0.213295541082901
"768",19,768,8.88178419700125e-16,-0.357614368130155,0.130108506231556,-0.121052224743757
"769",19,769,8.88178419700125e-16,-0.127409034664187,0.30552389833909,0.0934741877948073
"770",19,770,8.88178419700125e-16,-0.28332477930377,0.251106643914015,-0.0173481450208937
"771",19,771,8.88178419700125e-16,-0.302640576172517,0.216532684486191,-0.046171413748352
"772",19,772,8.88178419700125e-16,-0.395740164520872,0.00258455238125422,-0.205052990264853
"773",19,773,8.88178419700125e-16,-0.355890771601556,0.250046706860919,-0.0582889324448008
"774",19,774,8.88178419700125e-16,-0.349556401357346,0.137066630964097,-0.11301685285215
"775",19,775,8.88178419700125e-16,-0.232300883720486,0.244474867593966,0.00645376598781966
"776",19,776,8.88178419700125e-16,-0.110815039939373,0.0862764903210596,-0.0123896119416054
"777",19,777,8.88178419700125e-16,-0.394654362972219,0.190043511866921,-0.111987709489714
"778",19,778,8.88178419700125e-16,-0.325891195265195,0.174971517205279,-0.080541987047585
"779",19,779,8.88178419700125e-16,-0.197549932772421,0.137078446879989,-0.0311073840678378
"780",19,780,8.88178419700125e-16,-0.306894182204277,0.0884835256347486,-0.113704887521451
"781",19,781,8.88178419700125e-16,-0.269942667677185,0.142609858042164,-0.0665083626101499
"782",19,782,8.88178419700125e-16,-0.362148937064246,0.207370406891997,-0.0842671817613454
"783",19,783,8.88178419700125e-16,-0.373150016930619,0.0674182523506757,-0.160868864226077
"784",19,784,8.88178419700125e-16,-0.236355038008201,0.165055525929468,-0.03714816548789
"785",19,785,8.88178419700125e-16,-0.294536132326107,0.0930366499847655,-0.104724410863082
"786",19,786,8.88178419700125e-16,-0.356616805862221,-0.10252155190133,-0.233552547978558
"787",19,787,8.88178419700125e-16,-0.492084734656336,0.416675473068744,-0.0475367520750314
"788",19,788,8.88178419700125e-16,-0.353049560744172,0.0315892549698536,-0.167080453075434
"789",19,789,8.88178419700125e-16,-0.330724389033315,0.0798207535270743,-0.131066886910932
"790",19,790,8.88178419700125e-16,-0.209288259997296,0.206096582466135,-0.00166778057655792
"791",19,791,8.88178419700125e-16,-0.296873047123454,0.0388210628756661,-0.132833519350616
"792",19,792,8.88178419700125e-16,-0.347615570637587,0.102936234341382,-0.128990812518467
"793",19,793,8.88178419700125e-16,-0.448966994712765,0.133145485283863,-0.172975662862014
"794",19,794,8.88178419700125e-16,-0.524823414630189,0.314563574295576,-0.127980112480925
"795",19,795,8.88178419700125e-16,-0.411843132286433,0.0955114833009069,-0.1693648143865
"796",19,796,8.88178419700125e-16,-0.425963737006232,0.166910333554984,-0.142262709470365
"797",19,797,8.88178419700125e-16,-0.304210126415309,0.299061513501424,-0.00283197304652871
"798",19,798,8.88178419700125e-16,-0.425255628670154,0.178936538155258,-0.135759956948423
"799",19,799,8.88178419700125e-16,-0.295803955053529,0.0586384200018319,-0.122486442013882
"800",19,800,8.88178419700125e-16,-0.283004206893785,0.253094232571745,-0.0161129907830153
"801",19,801,8.88178419700125e-16,-0.382665142590727,0.0125413758160215,-0.192871712200561
"802",19,802,8.88178419700125e-16,-0.25844658740452,-0.0050706138158347,-0.133947053487002
"803",19,803,8.88178419700125e-16,-0.30064599141432,0.146044191795919,-0.081386403081726
"804",19,804,8.88178419700125e-16,-0.416922197927915,0.22448167304773,-0.107379515074192
"805",19,805,8.88178419700125e-16,-0.419429543396616,0.332615184720755,-0.0505736646063577
"806",19,806,8.88178419700125e-16,-0.487823721064304,0.0226471324771758,-0.249870531984366
"807",19,807,8.88178419700125e-16,-0.297659433454215,0.0419377184782966,-0.131723716718249
"808",19,808,8.88178419700125e-16,-0.262374733572564,0.132148423371536,-0.0677615881915092
"809",19,809,8.88178419700125e-16,-0.436707860234938,0.0808086031008402,-0.191202690030028
"810",19,810,8.88178419700125e-16,-0.212470923649954,0.254534553318756,0.0222452733660647
"811",19,811,8.88178419700125e-16,-0.471953239134574,0.236067632859205,-0.135155300919398
"812",19,812,8.88178419700125e-16,-0.446018914841024,0.157752967420017,-0.158959457141952
"813",19,813,8.88178419700125e-16,-0.42141393385761,0.130478285637075,-0.157763059191256
"814",19,814,8.88178419700125e-16,-0.252622184507578,0.237229657097358,-0.00818744914105141
"815",19,815,8.88178419700125e-16,-0.312216519201936,0.0248908201693392,-0.14795766784602
"816",19,816,8.88178419700125e-16,-0.39185833640701,-0.0269371078339059,-0.216964663298997
"817",19,817,8.88178419700125e-16,-0.449473830288005,0.0693978224338827,-0.204347727195901
"818",19,818,8.88178419700125e-16,-0.519855032531434,0.226256677150064,-0.171246194062254
"819",19,819,8.88178419700125e-16,-0.165230262420052,0.245233646946448,0.041763730783106
"820",19,820,8.88178419700125e-16,-0.241347355532747,0.0998816577596374,-0.0728648837483026
"821",19,821,8.88178419700125e-16,-0.272792870374579,0.0423866305936117,-0.118178537179689
"822",19,822,8.88178419700125e-16,-0.315417116323907,0.187904029408732,-0.0680875352677814
"823",19,823,8.88178419700125e-16,-0.453487237680478,-0.0472643276595546,-0.261940388005079
"824",19,824,8.88178419700125e-16,-0.306297383299121,0.178120439961137,-0.0681011496221093
"825",19,825,8.88178419700125e-16,-0.336299185751521,0.0838498720115447,-0.132155804733022
"826",19,826,8.88178419700125e-16,-0.510859155665378,-0.0992842971396434,-0.320094193803619
"827",19,827,8.88178419700125e-16,-0.227484705025653,0.0891041021378482,-0.0709775720710701
"828",19,828,8.88178419700125e-16,-0.371201787165176,0.047071815576358,-0.169697132198785
"829",19,829,8.88178419700125e-16,-0.156061655073833,0.143066079237046,-0.00664647159132326
"830",19,830,8.88178419700125e-16,0.000313007948000072,0.327394893089327,0.168488215966857
"831",19,831,8.88178419700125e-16,-0.34392023745279,0.189501156458305,-0.0831635790988143
"832",19,832,8.88178419700125e-16,-0.223487710837768,0.145980193692348,-0.0401252302266915
"833",19,833,8.88178419700125e-16,-0.153207711278336,0.347854094549884,0.103911932484114
"834",19,834,8.88178419700125e-16,-0.339703777494389,0.0533709609471573,-0.149049257868635
"835",19,835,8.88178419700125e-16,-0.261991100028195,0.213104253743514,-0.0259062082336707
"836",19,836,8.88178419700125e-16,-0.556094265212568,0.0191510684338648,-0.294972357302399
"837",19,837,8.88178419700125e-16,-0.235655311010071,0.256287438395204,0.0109804789844606
"838",19,838,8.88178419700125e-16,-0.454352975288229,0.202515854509807,-0.141453767965119
"839",19,839,8.88178419700125e-16,-0.333217560576428,0.206996201444818,-0.0681005898265161
"840",19,840,8.88178419700125e-16,-0.296928503579045,0.22002137458476,-0.0412112276466736
"841",19,841,8.88178419700125e-16,-0.246402538511698,0.168904730888702,-0.0404979200645563
"842",19,842,8.88178419700125e-16,-0.390303521300221,0.265728385537976,-0.0698341635827644
"843",19,843,8.88178419700125e-16,-0.202454880328967,0.137241729946559,-0.0335762597502329
"844",19,844,8.88178419700125e-16,-0.317031361672447,0.295365495485759,-0.0119538401458488
"845",19,845,8.88178419700125e-16,-0.30593238525856,0.215552965307914,-0.0484938926461775
"846",19,846,8.88178419700125e-16,-0.292687780227233,0.0119447937083313,-0.143775835294279
"847",19,847,8.88178419700125e-16,-0.296639092921327,0.250894824597155,-0.0247263844864873
"848",19,848,8.88178419700125e-16,-0.169629303040709,0.191169019471526,0.0111321859267759
"849",19,849,8.88178419700125e-16,-0.465666654238792,0.0484112879116047,-0.224164640179478
"850",19,850,8.88178419700125e-16,-0.328969474337608,0.0956817879231375,-0.122234128935285
"851",19,851,8.88178419700125e-16,-0.334722732428769,0.222133615877137,-0.0610430722288149
"852",19,852,8.88178419700125e-16,-0.155486696724168,0.222582145828718,0.0347924512936577
"853",19,853,8.88178419700125e-16,-0.416210878072455,0.15113633271173,-0.144382507359857
"854",19,854,8.88178419700125e-16,-0.243469227451532,0.027784296157238,-0.109888055987309
"855",19,855,8.88178419700125e-16,-0.205295126221155,0.217080743188213,0.00616790936020561
"856",19,856,8.88178419700125e-16,-0.183353884867579,0.169597091551579,-0.00709951179673207
"857",19,857,8.88178419700125e-16,-0.313310152400617,0.14104637925094,-0.0908580534030099
"858",19,858,8.88178419700125e-16,-0.184112440752558,0.301759772797584,0.0625275363621319
"859",19,859,8.88178419700125e-16,-0.502968468230875,0.302788674805313,-0.119764928990065
"860",19,860,8.88178419700125e-16,-0.443344783871344,0.0789018049621119,-0.196087209605673
"861",19,861,8.88178419700125e-16,-0.472373291577142,0.121748321480836,-0.19293399438538
"862",19,862,8.88178419700125e-16,-0.164889763922778,0.283185784290344,0.0622858808677593
"863",19,863,8.88178419700125e-16,-0.361299020562614,0.199863949831125,-0.0876685117725746
"864",19,864,8.88178419700125e-16,-0.369736948170567,0.271468325748307,-0.0547801418902516
"865",19,865,8.88178419700125e-16,-0.331232534093642,0.0877248673555096,-0.127433933336566
"866",19,866,8.88178419700125e-16,-0.251100259673734,0.195041057313429,-0.0294986857774557
"867",19,867,8.88178419700125e-16,-0.35655989980419,-0.0364461238819687,-0.201888697895917
"868",19,868,8.88178419700125e-16,-0.262750625106908,0.181984815614955,-0.0424874075438055
"869",19,869,8.88178419700125e-16,-0.280738952818282,0.238725127813508,-0.0225273430876154
"870",19,870,8.88178419700125e-16,-0.22653037799713,0.179320669656849,-0.0246192333642559
"871",19,871,8.88178419700125e-16,-0.273927690279384,0.246179257752201,-0.0148807785310112
"872",19,872,8.88178419700125e-16,-0.300590477344712,0.119712044806813,-0.0946556406750241
"873",19,873,8.88178419700125e-16,-0.158220420967446,0.121157572877159,-0.0189003562144197
"874",19,874,8.88178419700125e-16,-0.36079340053787,0.014246663412334,-0.179799085644778
"875",19,875,8.88178419700125e-16,-0.192098411642092,0.287773443055173,0.0507672641150256
"876",19,876,8.88178419700125e-16,-0.28655591842907,0.036659261318505,-0.128355222569596
"877",19,877,8.88178419700125e-16,-0.394871110818143,-0.0446681671079167,-0.227098366020303
"878",19,878,8.88178419700125e-16,-0.316543053558001,0.0558806874446152,-0.135099709471573
"879",19,879,8.88178419700125e-16,-0.418469928536825,0.118251114955441,-0.162072485941844
"880",19,880,8.88178419700125e-16,-0.498665899233388,0.17925760918519,-0.181135721978429
"881",19,881,8.88178419700125e-16,-0.323943762595952,0.108539204543176,-0.11305388348714
"882",19,882,8.88178419700125e-16,-0.171156157513118,0.251283531964636,0.0419378436817884
"883",19,883,8.88178419700125e-16,-0.424907893795005,0.167231004662881,-0.141469473017066
"884",19,884,8.88178419700125e-16,-0.424861895800857,0.34631093284396,-0.0461492700842141
"885",19,885,8.88178419700125e-16,-0.0446882643269589,0.422924500467971,0.200511174614138
"886",19,886,8.88178419700125e-16,-0.467710262855939,0.189342181831301,-0.156444906810642
"887",19,887,8.88178419700125e-16,-0.196354599539361,0.20657784773885,0.00532788144745477
"888",19,888,8.88178419700125e-16,-0.217700958798107,0.23523432257397,0.0092406510263201
"889",19,889,8.88178419700125e-16,-0.276705568352901,0.0524686905456218,-0.115282202083291
"890",19,890,8.88178419700125e-16,-0.39879362869827,-0.00918928336023077,-0.212417350718273
"891",19,891,8.88178419700125e-16,-0.294984297650655,0.288964997224615,-0.00329013428917602
"892",19,892,8.88178419700125e-16,-0.118575540699344,0.322357062142834,0.107156645645791
"893",19,893,8.88178419700125e-16,-0.067673213806992,0.334703593441793,0.13925872410955
"894",19,894,8.88178419700125e-16,-0.403503330863755,0.0878400088485283,-0.168264239102484
"895",19,895,8.88178419700125e-16,-0.440803645725282,0.300865236332461,-0.0811994029130325
"896",19,896,8.88178419700125e-16,-0.210305037969708,0.141079292499779,-0.0357167320803589
"897",19,897,8.88178419700125e-16,-0.32740168669994,0.182758070305173,-0.0773852773017718
"898",19,898,8.88178419700125e-16,-0.498174942191954,0.0588912776690874,-0.239230831988071
"899",19,899,8.88178419700125e-16,-0.086913267106118,0.272887174683285,0.0961260443497488
"900",19,900,8.88178419700125e-16,-0.50399570839164,0.177785143791884,-0.185310714169719
"901",19,901,8.88178419700125e-16,-0.207488782496556,0.295060118734887,0.0467430214570657
"902",19,902,8.88178419700125e-16,-0.33548322417475,-0.0330380196246247,-0.188732099145656
"903",19,903,8.88178419700125e-16,-0.267156247698536,0.170901119741328,-0.0505589744953616
"904",19,904,8.88178419700125e-16,-0.361054145381395,0.119906818281699,-0.128097888260377
"905",19,905,8.88178419700125e-16,-0.291823395575437,0.130529755030976,-0.0844382062792037
"906",19,906,8.88178419700125e-16,-0.292551432539951,0.0734274350492513,-0.113407232497728
"907",19,907,8.88178419700125e-16,-0.249811922531347,0.167383429951142,-0.0430926735325834
"908",19,908,8.88178419700125e-16,-0.342843059200158,0.262968698290411,-0.04397948486181
"909",19,909,8.88178419700125e-16,-0.11440611148902,0.238035421541028,0.0638038497816604
"910",19,910,8.88178419700125e-16,-0.375252347902417,0.0205127593540779,-0.184853572931326
"911",19,911,8.88178419700125e-16,-0.40799179591428,0.152183137040364,-0.139006655393077
"912",19,912,8.88178419700125e-16,-0.261903020619927,0.141029795485572,-0.0630036230486155
"913",19,913,8.88178419700125e-16,-0.205547337432644,0.0654170329186478,-0.0713819847380655
"914",19,914,8.88178419700125e-16,-0.33109687310975,0.13333836477527,-0.104577522649647
"915",19,915,8.88178419700125e-16,-0.397880559363979,0.355690124365908,-0.0245876717321476
"916",19,916,8.88178419700125e-16,-0.312614511492083,0.360489541596218,0.0269974160350708
"917",19,917,8.88178419700125e-16,-0.559022356125766,0.104867279570039,-0.257172119427049
"918",19,918,8.88178419700125e-16,-0.255908733055849,0.23832304759939,-0.00936476076795301
"919",19,919,8.88178419700125e-16,-0.367602593233957,0.173645321009676,-0.104727279668237
"920",19,920,8.88178419700125e-16,-0.409718132405603,0.0958801883714862,-0.167942224886198
"921",19,921,8.88178419700125e-16,-0.3557653487228,0.0451036787435996,-0.162007328672685
"922",19,922,8.88178419700125e-16,-0.337066755437141,0.0532460546195958,-0.147654270465811
"923",19,923,8.88178419700125e-16,-0.262679009239257,0.136477890504972,-0.0657295747462048
"924",19,924,8.88178419700125e-16,-0.502103214031888,0.0947135788764364,-0.224659599501255
"925",19,925,8.88178419700125e-16,-0.207834283219352,0.16445766911138,-0.022467181716012
"926",19,926,8.88178419700125e-16,-0.229122323663826,0.143473405926028,-0.0443672392447518
"927",19,927,8.88178419700125e-16,-0.266938664474882,0.264564146669289,-0.00127747950921431
"928",19,928,8.88178419700125e-16,-0.332481532089687,0.163347172829404,-0.0901505353744008
"929",19,929,8.88178419700125e-16,-0.229106765673907,0.0760873549007543,-0.0783450384767705
"930",19,930,8.88178419700125e-16,-0.290778914551787,0.163446405955986,-0.0671444441912414
"931",19,931,8.88178419700125e-16,-0.269475452872959,0.146151126720509,-0.0644569315023014
"932",19,932,8.88178419700125e-16,-0.357042697208342,0.081548713431545,-0.144854984081861
"933",19,933,8.88178419700125e-16,-0.313518698645408,0.169453815629178,-0.0765194520935819
"934",19,934,8.88178419700125e-16,-0.164792008936054,0.132751480404974,-0.0163829641290592
"935",19,935,8.88178419700125e-16,-0.103115155589924,0.290285826170303,0.0973880423554375
"936",19,936,8.88178419700125e-16,-0.121077707508148,0.248202483682649,0.0658155971835164
"937",19,937,8.88178419700125e-16,-0.299725826955376,0.247393944467989,-0.0282841538609915
"938",19,938,8.88178419700125e-16,-0.34417094790328,0.00708939310271427,-0.174072501737151
"939",19,939,8.88178419700125e-16,-0.417565848179253,0.0819941608957584,-0.179320728602294
"940",19,940,8.88178419700125e-16,-0.3195957400476,0.281606493387779,-0.020882320066911
"941",19,941,8.88178419700125e-16,-0.363889397229732,0.174886192980381,-0.101973828367487
"942",19,942,8.88178419700125e-16,-0.213983044487116,0.246839794315917,0.017349724366363
"943",19,943,8.88178419700125e-16,-0.151789592430392,0.397350362037385,0.132971293587808
"944",19,944,8.88178419700125e-16,-0.281409404235887,0.0468647554616769,-0.120567106023792
"945",19,945,8.88178419700125e-16,-0.551183222012334,0.0326264520659724,-0.285555663861771
"946",19,946,8.88178419700125e-16,-0.385523297521634,0.196805019019925,-0.103193557814103
"947",19,947,8.88178419700125e-16,-0.302887247593747,0.240026340487508,-0.0339336532222092
"948",19,948,8.88178419700125e-16,-0.337096409694031,0.0831262365071682,-0.132955439130695
"949",19,949,8.88178419700125e-16,-0.297088369666448,0.144061695063967,-0.0804518319786873
"950",19,950,8.88178419700125e-16,-0.284777935297545,0.183503402612762,-0.0535827647639375
"951",19,951,8.88178419700125e-16,-0.315370254664973,0.209771730835896,-0.0567215955598375
"952",19,952,8.88178419700125e-16,-0.306501922779669,0.222029882119596,-0.0454136437444315
"953",19,953,8.88178419700125e-16,-0.307728150059397,0.119178511074056,-0.0988196108415962
"954",19,954,8.88178419700125e-16,-0.221748548259455,0.212384520361665,-0.00491353461081134
"955",19,955,8.88178419700125e-16,-0.301707210434736,0.208693084538839,-0.049754976578354
"956",19,956,8.88178419700125e-16,-0.255701073521064,0.147113961183932,-0.0565964676424153
"957",19,957,8.88178419700125e-16,-0.401164592775751,0.00930222537096816,-0.204923789632385
"958",19,958,8.88178419700125e-16,-0.331266933204875,0.352959513606425,0.0122842480950813
"959",19,959,8.88178419700125e-16,-0.309044326533869,0.307969391839482,-0.000594002426604234
"960",19,960,8.88178419700125e-16,-0.296505767559238,-0.0114198775403612,-0.157236900069781
"961",19,961,8.88178419700125e-16,-0.165488474533006,0.248679627559727,0.0434628025098818
"962",19,962,8.88178419700125e-16,-0.39610729470151,0.190160551540895,-0.112777961458977
"963",19,963,8.88178419700125e-16,-0.28650493099573,0.101353503882212,-0.0962272070633583
"964",19,964,8.88178419700125e-16,-0.219311152657933,0.217177689952499,-0.00112008160613564
"965",19,965,8.88178419700125e-16,-0.0913872002886841,0.18971314311496,0.0501562242517486
"966",19,966,8.88178419700125e-16,-0.276358205367177,0.160423558541785,-0.0608813158901333
"967",19,967,8.88178419700125e-16,-0.593045847614259,0.398929362361128,-0.129260916387704
"968",19,968,8.88178419700125e-16,-0.241644268692267,0.104504902426466,-0.0706977367696073
"969",19,969,8.88178419700125e-16,-0.437170516046037,-0.056148044402976,-0.256601818093629
"970",19,970,8.88178419700125e-16,-0.439791784065044,0.0713837463221898,-0.197599839528912
"971",19,971,8.88178419700125e-16,-0.287650693928645,0.0541149948946915,-0.120331725374195
"972",19,972,8.88178419700125e-16,-0.226860572097582,0.26245286574312,0.0189295957642276
"973",19,973,8.88178419700125e-16,-0.422638652842461,0.0127909080152229,-0.21561648759838
"974",19,974,8.88178419700125e-16,-0.494537148684649,-0.0628095062862169,-0.293571801904248
"975",19,975,8.88178419700125e-16,-0.215448408572895,0.160413859738832,-0.0285255338202277
"976",19,976,8.88178419700125e-16,-0.374171895150825,0.327285742401337,-0.0267336656972794
"977",19,977,8.88178419700125e-16,-0.382662525888795,-0.022190858488685,-0.209534923844142
"978",19,978,8.88178419700125e-16,-0.415195425594311,0.0591639090992042,-0.189019122121779
"979",19,979,8.88178419700125e-16,-0.379976861227941,0.29205225451207,-0.0495714280859729
"980",19,980,8.88178419700125e-16,-0.118942329615607,0.201133380154983,0.0421776600269156
"981",19,981,8.88178419700125e-16,-0.398490409750688,0.153386941923408,-0.132833322569472
"982",19,982,8.88178419700125e-16,-0.196374710177031,0.125879471088685,-0.0361883389417057
"983",19,983,8.88178419700125e-16,-0.337330531939224,0.120447022762473,-0.114516736215764
"984",19,984,8.88178419700125e-16,-0.404763714294558,0.0699376433875678,-0.177732730294459
"985",19,985,8.88178419700125e-16,-0.233122561942691,0.20052018243161,-0.0171055728142415
"986",19,986,8.88178419700125e-16,-0.119101136186276,0.221300373565224,0.0526282813829039
"987",19,987,8.88178419700125e-16,-0.346325722077332,0.189238710733931,-0.0846544836950509
"988",19,988,8.88178419700125e-16,-0.38741537685759,0.236072860577885,-0.0838746292517092
"989",19,989,8.88178419700125e-16,-0.138870505870402,0.227778259712932,0.0460031097904706
"990",19,990,8.88178419700125e-16,-0.354761663725286,0.240160467105521,-0.0628849776122407
"991",19,991,8.88178419700125e-16,-0.203699090990165,0.172393351611294,-0.0162268181757466
"992",19,992,8.88178419700125e-16,-0.300257949137923,0.107099375414826,-0.100802176423947
"993",19,993,8.88178419700125e-16,-0.272560994529027,0.157234211619022,-0.0604655183645917
"994",19,994,8.88178419700125e-16,-0.375775981980892,0.197017540885977,-0.0974419306865271
"995",19,995,8.88178419700125e-16,-0.41912620513786,0.00950774744252597,-0.21514681833407
"996",19,996,8.88178419700125e-16,-0.220603053084967,0.180337387501309,-0.0209761864145177
"997",19,997,8.88178419700125e-16,-0.238858635550525,0.218405801138707,-0.0107905294704216
"998",19,998,8.88178419700125e-16,-0.226839617848013,0.113094006961944,-0.0585704867703574
"999",19,999,8.88178419700125e-16,-0.332873169852152,-0.0176535911407988,-0.179877133195557
"1000",19,1000,8.88178419700125e-16,-0.324583971392504,0.0757825386037267,-0.129682749822158
