"","simulation_setting_num","iter","CCCM","lower_bound","upper_bound","est_CCCM"
"1",37,1,0,-0.11481847567833,0.151003431513396,0.0184179452984603
"2",37,2,0,-0.20397426023294,0.150429065524396,-0.0276411852150095
"3",37,3,0,-0.262187473871586,0.04056020804613,-0.113446240096785
"4",37,4,0,-0.153077931197214,0.199257577370449,0.0238297896059489
"5",37,5,0,-0.245438702830799,0.133036525307596,-0.0582955660478988
"6",37,6,0,-0.144727600400692,0.114313899712947,-0.0154663693896731
"7",37,7,0,-0.172028076477959,0.152113531609407,-0.0102259030244783
"8",37,8,0,-0.214078559021132,0.0709632467372927,-0.0730492444509434
"9",37,9,0,-0.131827679392378,0.140758855727413,0.00455011210668943
"10",37,10,0,-0.01064084392383,0.293592868423781,0.144899082113877
"11",37,11,0,-0.175721913312292,0.0410151668359084,-0.0681574884957661
"12",37,12,0,-0.146347619179543,0.130485937607597,-0.00808576759619992
"13",37,13,0,-0.0242051756075272,0.271485935180339,0.126448222107934
"14",37,14,0,-0.144223138143858,0.14433805230186,5.86785846561575e-05
"15",37,15,0,-0.0222076330909327,0.237545648688831,0.109538752749385
"16",37,16,0,-0.16517867144582,0.279537352887156,0.0601643190894944
"17",37,17,0,-0.0288685111452381,0.229510185415087,0.102041512895287
"18",37,18,0,-0.285007936736712,-0.0543124990048397,-0.172017733439503
"19",37,19,0,-0.285943881230741,0.0137693996707654,-0.1392753763243
"20",37,20,0,-0.149143768539733,0.107873509205201,-0.020981782782694
"21",37,21,0,-0.0601779311399021,0.14708140701351,0.0439243482897114
"22",37,22,0,-0.134986634485449,0.0903442168811166,-0.0226083325247575
"23",37,23,0,-0.122961554856523,0.122409976321067,-0.000280003828866483
"24",37,24,0,-0.0185140318192477,0.14172564372643,0.0620053562556812
"25",37,25,0,-0.204385550771084,0.142327748725668,-0.0319912750157538
"26",37,26,0,-0.143211412075361,0.0280229152428014,-0.05802098558924
"27",37,27,0,0.035922458335042,0.31342467316812,0.178214768839139
"28",37,28,0,-0.239793242130536,0.0854280208567547,-0.0792921822965978
"29",37,29,0,-0.171951040332395,0.107184234999032,-0.0330274370790222
"30",37,30,0,-0.316268426443594,0.0434185942740171,-0.141077424719522
"31",37,31,0,-0.101244229852984,0.23383056677166,0.0682166243049186
"32",37,32,0,-0.132581378687286,0.211884039560355,0.0408655375461506
"33",37,33,0,-0.217135929231287,0.192140199752904,-0.0130442024466822
"34",37,34,0,-0.0827641712913709,0.156890857713887,0.037604039406407
"35",37,35,0,-0.101576138287609,0.224017398558859,0.0628939377363901
"36",37,36,0,-0.170309655501996,0.216285286915771,0.0238805776087865
"37",37,37,0,-0.150826157543692,0.131008088622683,-0.0101098115271119
"38",37,38,0,-0.148399042049389,0.105424555640872,-0.0218391631143532
"39",37,39,0,-0.123683181132554,0.207762755443215,0.0432291998949709
"40",37,40,0,-0.220146577367216,0.00976328348181692,-0.106616525781026
"41",37,41,0,-0.13617459053046,0.113654177843339,-0.0114387145000177
"42",37,42,0,-0.118796598320031,0.095898849599342,-0.0115823617995841
"43",37,43,0,-0.126347706659896,0.151193441866377,0.0126668346778452
"44",37,44,0,-0.250051146340343,0.0490497315537343,-0.102824423044892
"45",37,45,0,-0.154814266899811,0.0959263830450488,-0.029914544826573
"46",37,46,0,-0.298844501522896,0.0572648965664855,-0.12480718798506
"47",37,47,0,-0.0576390533610424,0.305792812306881,0.128384859220379
"48",37,48,0,-0.210346054252518,0.0331800036627612,-0.0899270105003511
"49",37,49,0,-0.179137363643904,0.211475644988969,0.0168105471253235
"50",37,50,0,-0.0874828194296934,0.170204390819794,0.0420602306828484
"51",37,51,0,-0.253695681479357,-0.0181056708821967,-0.137849953280629
"52",37,52,0,0.0373304411972475,0.295728841998314,0.16944013456895
"53",37,53,0,-0.124013182283801,0.179214864775021,0.028250742513096
"54",37,54,0,-0.099926525511914,0.145793036444314,0.023284918049488
"55",37,55,0,-0.159165081215464,0.0724816695501429,-0.043932182774066
"56",37,56,0,-0.0027764871569669,0.319584447482287,0.162743802101348
"57",37,57,0,-0.0369048263978697,0.287699963131293,0.128847415363929
"58",37,58,0,-0.105069407483868,0.119796845138888,0.00745800216120117
"59",37,59,0,-0.229919164523726,-0.028024771436163,-0.130322703305195
"60",37,60,0,0.0824676619810565,0.363824723533422,0.227898051306219
"61",37,61,0,-0.0888995652690851,0.134401714951797,0.0230384192873215
"62",37,62,0,-0.112988082818722,0.10147869439997,-0.00582163948243019
"63",37,63,0,-0.195152771849759,0.118346177149663,-0.0393721517055582
"64",37,64,0,-0.0984921877119718,0.253588598511911,0.0800442894607907
"65",37,65,0,0.0127998887065548,0.281951107198703,0.150156461773372
"66",37,66,0,-0.0484652108883169,0.167224341880506,0.0600808372600314
"67",37,67,0,-0.240179899195786,0.0860316417412895,-0.0791939017604154
"68",37,68,0,-0.188846277123458,0.144763822316999,-0.0226723773233237
"69",37,69,0,0.0299585493631852,0.272441999231018,0.153510430046693
"70",37,70,0,-0.200899880869549,0.0283551713913059,-0.0874298677071396
"71",37,71,0,-0.0941418363072283,0.2451086731348,0.0777332158569265
"72",37,72,0,-0.092488770800191,0.218596305970055,0.0646236351287862
"73",37,73,0,-0.027260811101661,0.229882101877574,0.103031790388748
"74",37,74,0,-0.106184732733695,0.161679005270128,0.0282543533149142
"75",37,75,0,-0.0115211208444074,0.244536926132132,0.118477093490408
"76",37,76,0,-0.25058135919191,0.148985764153951,-0.0529155325771573
"77",37,77,0,0.00411228037336107,0.20041335094825,0.103268271523248
"78",37,78,0,-0.0651892840540301,0.170316711742481,0.0533049040480091
"79",37,79,0,-0.128750248258687,0.169407843701255,0.0207910654236528
"80",37,80,0,-0.127196279002652,0.231347936244815,0.0538100623717004
"81",37,81,0,-0.172380123459348,0.193407226381991,0.0108774446475979
"82",37,82,0,-0.306874638094269,-0.0823593086555778,-0.197201241561386
"83",37,83,0,-0.258675271885289,0.0833067640545093,-0.0903469037156745
"84",37,84,0,-0.0768552395339802,0.150649645407157,0.0373815743163547
"85",37,85,0,0.0853910305167047,0.313471450296098,0.202170971964843
"86",37,86,0,-0.303045313816201,0.0702188751201206,-0.120676457440333
"87",37,87,0,-0.257011274531415,0.136757187243859,-0.0625612886408101
"88",37,88,0,-0.131925331073459,0.16065777944502,0.0146804704258985
"89",37,89,0,-0.322513202434492,-0.0317668590300693,-0.181093994317026
"90",37,90,0,-0.221509961984974,0.0202229796569971,-0.102151290586312
"91",37,91,0,-0.0992258904557394,0.140235350516994,0.0208030781884205
"92",37,92,0,0.0108948780169629,0.303458713757396,0.160704732288831
"93",37,93,0,-0.148297984065905,0.252066914122138,0.0540567755893918
"94",37,94,0,-0.110170383446359,0.139122273737997,0.0147044525605336
"95",37,95,0,-0.0157513142714348,0.330213765731584,0.162212129677983
"96",37,96,0,-0.106847229342834,0.232930178756673,0.0649229940734295
"97",37,97,0,-0.126121346185725,0.230103060073219,0.0536991767117548
"98",37,98,0,-0.1729077333286,0.159040084742164,-0.00713025351159912
"99",37,99,0,-0.0103313186345493,0.19962063311833,0.0957090074996827
"100",37,100,0,-0.133851026181514,0.0862848865121644,-0.0240749033017288
"101",37,101,0,-0.0874016293479271,0.131137988456441,0.0221325679701351
"102",37,102,0,-0.104102820666662,0.126942238677603,0.0115741922848293
"103",37,103,0,-0.0372673375539203,0.173039943289365,0.0686489279193037
"104",37,104,0,-0.257493935198432,0.0389364325037391,-0.111764318299284
"105",37,105,0,-0.224608757537136,0.180745246909126,-0.022871751908288
"106",37,106,0,-0.17466460224734,0.054601000341937,-0.0608341328753146
"107",37,107,0,-0.182799256063737,0.134474310738153,-0.0247866172826104
"108",37,108,0,-0.0779558789943727,0.235942196421471,0.0810013133786762
"109",37,109,0,-0.100526803134046,0.165864618301226,0.0332596114200438
"110",37,110,0,-0.141605075745347,0.101271140197844,-0.0204689524556384
"111",37,111,0,-0.0849834408301475,0.187868358088137,0.0524207531726041
"112",37,112,0,-0.091418394682164,0.071587766125653,-0.00998162631050966
"113",37,113,0,-0.245679000381895,0.0876222528992999,-0.0813008985131837
"114",37,114,0,-0.118488752068583,0.18212466249519,0.0325541854222286
"115",37,115,0,-0.163590552644885,0.134639235415943,-0.0148049203071325
"116",37,116,0,-0.125562789479747,0.224437793303958,0.0510034358103477
"117",37,117,0,-0.134765089150596,0.237043047248312,0.052974777775378
"118",37,118,0,-0.0241931299483093,0.192100555966435,0.0849544557442081
"119",37,119,0,-0.227859062733458,0.0796969190018604,-0.0758857380800002
"120",37,120,0,-0.194915908269275,0.0238577880777351,-0.086572671280895
"121",37,121,0,-0.13334650255625,0.0432183185617258,-0.0454188023387751
"122",37,122,0,-0.250436866826624,0.00859570144524098,-0.123015256592803
"123",37,123,0,-0.247184703931195,0.0386936726448831,-0.106444757212991
"124",37,124,0,-0.148942180832755,0.107545941726671,-0.0210443775573343
"125",37,125,0,-0.202664497360248,0.0301592989273726,-0.087446658927512
"126",37,126,0,-0.286323541974768,0.0857599114901482,-0.103916395767648
"127",37,127,0,-0.00527700437178749,0.290038356073359,0.14562288468608
"128",37,128,0,-0.0620144424742116,0.155275722037928,0.0471888740023566
"129",37,129,0,-0.0738542869703397,0.182924354000551,0.0554518644962713
"130",37,130,0,-0.0626421369290664,0.237338553858281,0.0893747006307522
"131",37,131,0,-0.164439348630814,0.0778823891403552,-0.0439245178507738
"132",37,132,0,-0.0646068368130837,0.311013389487011,0.127782599129907
"133",37,133,0,-0.174433415405198,0.160113864077543,-0.00736588753298471
"134",37,134,0,-0.0348199423601464,0.162027552502309,0.0642285543234773
"135",37,135,0,-0.290445019612071,-0.0360713083347627,-0.1660185809601
"136",37,136,0,-0.225013417845358,-0.00648051190767891,-0.117165048204395
"137",37,137,0,-0.17166998021579,0.0801041590631534,-0.0465217400106823
"138",37,138,0,-0.172963851584514,0.138026488462908,-0.0179016566020238
"139",37,139,0,-0.070326087269712,0.161861900026314,0.046394533908886
"140",37,140,0,-0.176444119827381,0.255446173680223,0.0414364731444316
"141",37,141,0,-0.0710433881615286,0.179426953792012,0.0550578865220476
"142",37,142,0,-0.154569601688049,0.1213272099946,-0.016943721680431
"143",37,143,0,-0.022295649644288,0.231223769643725,0.106189454470553
"144",37,144,0,-0.174984061410228,0.150509750656944,-0.0125701464796937
"145",37,145,0,-0.144233427810284,0.189697117730109,0.0233840790427391
"146",37,146,0,-0.0895371178444156,0.268777881152258,0.0926180637436401
"147",37,147,0,-0.267987100796758,0.0574378746290771,-0.108171479953119
"148",37,148,0,-0.127361418316837,0.135856175191521,0.00432224487663883
"149",37,149,0,-0.208781357391827,0.119595659539005,-0.0458308819188083
"150",37,150,0,-0.295974744960685,0.00852108791192245,-0.147212899156945
"151",37,151,0,-0.0688357240318214,0.212908924790952,0.0735030335769695
"152",37,152,0,-0.0919935623763179,0.15377407242334,0.0313643292708884
"153",37,153,0,-0.127127009995776,0.112894717600415,-0.00722014038845955
"154",37,154,0,-0.170823835816179,0.0956329098413756,-0.0382758303419966
"155",37,155,0,-0.103568389947682,0.198823072348978,0.0487442346054932
"156",37,156,0,-0.00663158522713385,0.309425178508354,0.155370322498437
"157",37,157,0,-0.166516031217811,0.155466416397,-0.00567181510868622
"158",37,158,0,-0.0896666389979456,0.280654294459315,0.0989174945166118
"159",37,159,0,-0.128543766276356,0.144634374711535,0.0081982658617478
"160",37,160,0,-0.166925494199717,0.141028724535661,-0.0132628879936652
"161",37,161,0,-0.140992049290846,0.130103699342894,-0.00554607738529812
"162",37,162,0,-0.190615986634923,0.219402083557371,0.0150246516914855
"163",37,163,0,-0.0790823521740865,0.191785985313754,0.0574082398674072
"164",37,164,0,-0.172496287435101,0.0771399059351645,-0.0484345258003051
"165",37,165,0,-0.111223151089137,0.12900564713421,0.00902141464236565
"166",37,166,0,-0.0242796444098519,0.22971772575481,0.104421480347986
"167",37,167,0,-0.25203579172739,0.116633227576871,-0.0700943906454987
"168",37,168,0,-0.0913529932401186,0.180246296077101,0.0452834319844469
"169",37,169,0,-0.108680432918263,0.170909091766068,0.0317351285600465
"170",37,170,0,-0.289479447254453,0.0673567587772878,-0.114761719772704
"171",37,171,0,-0.131190523381867,0.137485423303183,0.00320529552235084
"172",37,172,0,-0.158255770256677,0.0908789081404311,-0.0342200369700425
"173",37,173,0,-0.160823180469238,0.08890214970509,-0.0365308048279698
"174",37,174,0,-0.223913454888212,0.072034978152182,-0.0776495671319586
"175",37,175,0,-0.168326039732018,0.0399451598602475,-0.0648971430028635
"176",37,176,0,-0.211430764297461,0.0388651567346379,-0.0876662993053281
"177",37,177,0,-0.129749145042379,0.0917717222725462,-0.0192246430036403
"178",37,178,0,-0.225778135165921,0.0915923433164764,-0.0688342537165309
"179",37,179,0,-0.167564224430839,0.159110831091449,-0.00434255444895926
"180",37,180,0,-0.114851418122861,0.174004000538507,0.0302069524394139
"181",37,181,0,-0.312134121211404,0.0739459283928613,-0.123775532439745
"182",37,182,0,-0.223189655689827,0.0257865762738812,-0.100271001406692
"183",37,183,0,-0.343020914755177,-0.00605899677154648,-0.179809369448273
"184",37,184,0,-0.218586091344474,0.0878465465287842,-0.0669483083374921
"185",37,185,0,-0.125596407084815,0.166205820057709,0.0207465267179727
"186",37,186,0,-0.194858744804709,0.0731741318685667,-0.0619593321185384
"187",37,187,0,-0.307509264392437,-0.00183472861920686,-0.15846666450252
"188",37,188,0,-0.158803665952294,0.103762977521115,-0.0280033631202739
"189",37,189,0,-0.235388106183753,0.101434900252515,-0.068941008305334
"190",37,190,0,-0.122433409990019,0.17854685272335,0.0287073897204962
"191",37,191,0,-0.0708963406934395,0.24725429928247,0.0904871705027448
"192",37,192,0,-0.140640646597418,0.165883130338448,0.0129248867365158
"193",37,193,0,-0.0704297023955175,0.118165840753679,0.024082334132544
"194",37,194,0,-0.164956630185579,0.0916664482181259,-0.0372593622854691
"195",37,195,0,-0.12212539872018,0.181616278771823,0.030448360535083
"196",37,196,0,-0.0427290853908727,0.325371863412113,0.146384864068757
"197",37,197,0,-0.0820183151834294,0.267172568142452,0.0955147320496018
"198",37,198,0,-0.097900735240526,0.0652474017558017,-0.0164360670916927
"199",37,199,0,-0.343130021710104,-0.0142067604439559,-0.183808798265309
"200",37,200,0,-0.0900912120700355,0.109062950201806,0.00958087780546221
"201",37,201,0,-0.146652987648697,0.149725166631696,0.00157057950468899
"202",37,202,0,-0.0662746943780702,0.196395501137877,0.0662073482712358
"203",37,203,0,0.0109098445974062,0.215444711921975,0.114389325146438
"204",37,204,0,-0.0933915208812741,0.105506963084576,0.00611823360305866
"205",37,205,0,-0.168332399666667,0.133227464311548,-0.0179609308091765
"206",37,206,0,-0.0676098295506988,0.204295983116103,0.0696363333708135
"207",37,207,0,-0.0845728716364631,0.229934952232785,0.0745342206942259
"208",37,208,0,-0.254396416471713,0.0790524513270873,-0.0901992395716284
"209",37,209,0,-0.0184556491875036,0.281099760260866,0.134391062120893
"210",37,210,0,-0.274683435549096,-0.0336727985381682,-0.156507035649835
"211",37,211,0,-0.154106931047108,0.146023658629424,-0.00413475066586546
"212",37,212,0,-0.0755161234493147,0.135827201590146,0.0304963904815672
"213",37,213,0,-0.0882442723030621,0.145583947577232,0.029067489901988
"214",37,214,0,-0.0374828641838603,0.215803162755346,0.0906254819601023
"215",37,215,0,-0.154592363413255,0.163815534529219,0.00473151260771427
"216",37,216,0,-0.20314109292604,0.129394995725736,-0.0379228975127122
"217",37,217,0,-0.0594039570836809,0.200700677026834,0.0718701468926085
"218",37,218,0,-0.131011318284206,0.163758538431735,0.0167372822914853
"219",37,219,0,-0.143132374816501,0.187659321710046,0.0228899657319613
"220",37,220,0,-0.262072708341283,0.0416104932897,-0.112866117349206
"221",37,221,0,0.00950293615679824,0.294883789122306,0.155434780933803
"222",37,222,0,-0.0962632096984434,0.131038534611656,0.017615260038718
"223",37,223,0,-0.205619678717057,0.0670221092083568,-0.0706175516476372
"224",37,224,0,-0.175446778626003,0.0965891658739072,-0.0401732259076947
"225",37,225,0,-0.0565082420774781,0.236443173469045,0.0919568711983257
"226",37,226,0,-0.16953023416761,0.132807259432443,-0.0187910484307225
"227",37,227,0,-0.12960510278491,0.115893000764754,-0.00696093877543107
"228",37,228,0,-0.0536438740667496,0.161144269855085,0.0543792184467066
"229",37,229,0,-0.191389975975696,0.109616825626674,-0.0418358338246326
"230",37,230,0,-0.0829613479759111,0.269436934659381,0.096253142678033
"231",37,231,0,-0.0323593869513722,0.200903388008893,0.0854426968406986
"232",37,232,0,-0.28203580246841,0.0856776578143144,-0.10164980856278
"233",37,233,0,-0.064559311556102,0.186962647956155,0.0621889962614779
"234",37,234,0,-0.137822546621717,0.109511057826696,-0.0143756427216656
"235",37,235,0,-0.12340902818208,0.113889615893331,-0.00482767001089421
"236",37,236,0,-0.0672124321165416,0.143089485321641,0.0383633174811741
"237",37,237,0,-0.201858762850041,0.204910310695886,0.00159161152286244
"238",37,238,0,-0.0880872620326017,0.260556367966572,0.0889587376379452
"239",37,239,0,-0.227522017036083,0.0206163041971948,-0.105088276485415
"240",37,240,0,-0.0666457699045625,0.168827345619483,0.0518108912535974
"241",37,241,0,-0.152695811293745,0.0285476938786704,-0.0625900721100163
"242",37,242,0,0.0345822572930872,0.318162165325474,0.180112057342969
"243",37,243,0,-0.178065335930303,0.0991437642051473,-0.040234978119237
"244",37,244,0,-0.0845319281525221,0.170136960553723,0.0435092947870234
"245",37,245,0,-0.281212918997503,0.062242642126673,-0.1128549152292
"246",37,246,0,-0.148450507092955,0.0733619159133239,-0.0380125250196665
"247",37,247,0,-0.135065707056278,0.167199518290864,0.0164425707139361
"248",37,248,0,-0.217038135486025,0.112989438329158,-0.0534847786895374
"249",37,249,0,-0.168886067160099,0.0672497462960107,-0.0515384952557722
"250",37,250,0,-0.185559283234993,0.00901176193250606,-0.0891239607482039
"251",37,251,0,-0.237696673276059,0.110035635785102,-0.0658288860083086
"252",37,252,0,-0.109563008123962,0.17265247569978,0.0321862584319999
"253",37,253,0,-0.140307803754561,0.223460718547484,0.0430015785572193
"254",37,254,0,-0.0257565345270507,0.351161522859111,0.16886965048188
"255",37,255,0,-0.0654491956282155,0.166683203443551,0.0513100196638365
"256",37,256,0,-0.0764438663520928,0.185954092262632,0.0557171161447907
"257",37,257,0,-0.0271798548151305,0.181396240472379,0.077961226859656
"258",37,258,0,-0.170050274802693,0.100277987425586,-0.0355361720340338
"259",37,259,0,-0.159776583963308,0.0841938043690189,-0.0383630760656673
"260",37,260,0,-0.088411201058735,0.200146272707536,0.0570590965719123
"261",37,261,0,-0.187492467779268,0.200163178122142,0.00658267134596949
"262",37,262,0,-0.122880256156394,0.113838769434174,-0.00458497549623282
"263",37,263,0,-0.0655813493824089,0.205988500723842,0.0715290518501884
"264",37,264,0,-0.127347130360524,0.142627751169912,0.00778212161501843
"265",37,265,0,-0.0937204602285689,0.227562628422947,0.0687021811856807
"266",37,266,0,-0.118384140699362,0.161969703110124,0.0222297988951354
"267",37,267,0,-0.149272997062898,0.175645282469808,0.013543664101406
"268",37,268,0,-0.125171801860224,0.21732019469925,0.0474692938017094
"269",37,269,0,-0.0807421178660555,0.20211374750849,0.0619291866195022
"270",37,270,0,0.0151680077089792,0.266080501317607,0.142919845303314
"271",37,271,0,-0.23043796847812,0.0491393138466128,-0.0924715768220119
"272",37,272,0,-0.255465099329149,0.0229138061548239,-0.118605608896987
"273",37,273,0,-0.171350113111314,0.118000972722652,-0.0272452557375371
"274",37,274,0,-0.0620926727166218,0.147246402400707,0.0430493673699588
"275",37,275,0,-0.161116150033363,0.121330268882745,-0.0202979258315097
"276",37,276,0,-0.125388200452321,0.168504060200455,0.022033938454495
"277",37,277,0,-0.139366315718467,0.15072150029426,0.00579960690008624
"278",37,278,0,-0.0986639171534453,0.166553813368418,0.0345532849885484
"279",37,279,0,-0.175604691770651,0.064318557838586,-0.05645810420919
"280",37,280,0,-0.0464524398149981,0.122143849337427,0.038116961952036
"281",37,281,0,-0.232035388456075,0.101926450790676,-0.0669287798521546
"282",37,282,0,-0.189590405307939,0.140191642759695,-0.0253901484803516
"283",37,283,0,-0.0731689787884807,0.167145823450091,0.0476783383332029
"284",37,284,0,-0.233361840325269,0.00633601553551848,-0.115189386440224
"285",37,285,0,-0.28558921758575,0.0225437042878663,-0.134779685461099
"286",37,286,0,-0.135289600037913,0.0553662671773194,-0.0403287420228948
"287",37,287,0,-0.0488260565261829,0.198846261618285,0.0761851467845437
"288",37,288,0,-0.0898698474317759,0.16428883215905,0.0378211325969308
"289",37,289,0,-0.15647086932133,0.1844438709386,0.0144051367013145
"290",37,290,0,-0.0975297769336492,0.168281625400949,0.0360128642351861
"291",37,291,0,-0.135712418977115,0.199146675565599,0.0326328617983037
"292",37,292,0,-0.0672749945704105,0.220790030325818,0.0783936683264234
"293",37,293,0,-0.327722974351812,0.0888419951712769,-0.12494282081193
"294",37,294,0,-0.106189239215181,0.231456257175676,0.064478675210964
"295",37,295,0,-0.14200552952951,0.145799971969425,0.0019373398033041
"296",37,296,0,-0.238475369001054,0.196806003634485,-0.0218711352800573
"297",37,297,0,-0.176740217756852,0.0945019730112076,-0.0418909556321377
"298",37,298,0,-0.182722626934778,0.170248783253469,-0.00643743808940999
"299",37,299,0,-0.133988207199195,0.12743895740135,-0.00333154849273472
"300",37,300,0,-0.132962838828672,0.139259475661181,0.00320774652118998
"301",37,301,0,-0.191955043943213,0.0502206208149549,-0.0719272307663917
"302",37,302,0,-0.137019009218086,0.0870168306683441,-0.0253189936051384
"303",37,303,0,-0.075255708989587,0.220867071502374,0.0744466068609449
"304",37,304,0,-0.21104250613103,0.047525783149481,-0.0831578081549766
"305",37,305,0,-0.1200417320163,0.16102223316716,0.0209032507453944
"306",37,306,0,-0.158839392662173,0.204146850635418,0.0234257780460558
"307",37,307,0,-0.0989886014111095,0.0482230922719739,-0.0255211130117215
"308",37,308,0,-0.12981585249142,0.170569620904113,0.0208473557587659
"309",37,309,0,-0.157482293440547,0.102827910382371,-0.0277984652807793
"310",37,310,0,-0.153912321763818,0.119158832132462,-0.0177069385190271
"311",37,311,0,-0.273392799149157,0.0770355915943997,-0.101320394271042
"312",37,312,0,-0.225479853691301,0.00805938334724123,-0.110231486951468
"313",37,313,0,-0.142275227996666,0.195188454977178,0.0272324934112232
"314",37,314,0,-0.147250833923203,0.101636806665988,-0.023165957417093
"315",37,315,0,-0.267865400472984,0.111540484879469,-0.0810996253026866
"316",37,316,0,-0.163375795717235,0.0556056050939455,-0.0545408701896192
"317",37,317,0,-0.246173048113389,0.1020156684662,-0.0743441136441185
"318",37,318,0,-0.194863665486604,0.177782196241454,-0.00884792445710022
"319",37,319,0,-0.118340441243446,0.218927135970502,0.0517693744920943
"320",37,320,0,-0.1670796021571,0.0587048799762723,-0.0548889893381214
"321",37,321,0,-0.157317322021267,0.095182369036229,-0.0315711843977987
"322",37,322,0,-0.106111961193693,0.213151179567331,0.0549233040304369
"323",37,323,0,-0.171276675637164,0.132036388869088,-0.020082210334582
"324",37,324,0,-0.268524769131117,0.0827409361743869,-0.0958759690850559
"325",37,325,0,-0.0370320700680339,0.252867158212545,0.110262091974997
"326",37,326,0,-0.0724860461595911,0.24314106794883,0.0875237005937814
"327",37,327,0,-0.211761488872572,0.0737077214579108,-0.070469590225317
"328",37,328,0,-0.0966469589574951,0.109742302369992,0.00661815233691375
"329",37,329,0,-0.193577174460364,0.121737101927191,-0.036836857976021
"330",37,330,0,-0.282812701043657,0.0016073679798969,-0.143565915049785
"331",37,331,0,-0.118214698899386,0.133690998647185,0.00786289538071223
"332",37,332,0,-0.22179780982602,0.0255773214493211,-0.0996497997193047
"333",37,333,0,0.0220864736163057,0.225526946647179,0.125121715976938
"334",37,334,0,-0.183304347420918,0.104008404437175,-0.0404848059169801
"335",37,335,0,-0.199500450518317,0.117407346032429,-0.042105553491632
"336",37,336,0,-0.314472979312776,-0.0600493800517654,-0.190457311109865
"337",37,337,0,-0.112993046735583,0.273558022357758,0.0834196760547594
"338",37,338,0,-0.190553805138983,0.135859704327793,-0.0280960035045189
"339",37,339,0,-0.162499100888284,0.0758301161580638,-0.0439599236806385
"340",37,340,0,-0.1929820944083,0.0758473549419294,-0.0596488424493176
"341",37,341,0,-0.256868323962344,0.0854823226623365,-0.0883000047188128
"342",37,342,0,-0.185449119536016,0.0374908533110409,-0.0749151838075264
"343",37,343,0,-0.187373987307917,0.188419743121379,0.000542013836371527
"344",37,344,0,-0.137921707464935,0.156604200671569,0.00954833384778488
"345",37,345,0,-0.0802337515087027,0.156241514636678,0.0385435156852306
"346",37,346,0,-0.214828814519641,0.183151919401264,-0.0164916403993164
"347",37,347,0,-0.199480294715411,0.195868138081841,-0.00187952103046868
"348",37,348,0,-0.161780509871715,0.0967413720147786,-0.0330727564291651
"349",37,349,0,0.123369319656317,0.399856069577013,0.267100812919805
"350",37,350,0,-0.251005718430761,0.0602270926975848,-0.0977794796458062
"351",37,351,0,-0.153047873875897,0.083585050323099,-0.0352251247490276
"352",37,352,0,-0.194887415779207,0.0857487988054443,-0.0556687192259082
"353",37,353,0,-0.160484692903894,0.165270175065902,0.00245794852470997
"354",37,354,0,-0.227270612967962,0.0284627466536587,-0.101073240972535
"355",37,355,0,-0.330120766935816,-0.0153990753298295,-0.177288732157974
"356",37,356,0,-0.110488456261774,0.182381955036988,0.0367355206455634
"357",37,357,0,-0.0744037310737595,0.12499355690402,0.0255490298892819
"358",37,358,0,-0.284148728463311,0.0918790560957568,-0.0996930080412493
"359",37,359,0,-0.0736652959756492,0.224473825680986,0.0771282136320818
"360",37,360,0,-0.146206394822838,0.142700334171729,-0.00179039010952111
"361",37,361,0,-0.161215149202421,0.160893989499103,-0.000164855980882534
"362",37,362,0,-0.181132484631665,0.0489733941971291,-0.0669699792905802
"363",37,363,0,-0.207884638845824,0.14209599832519,-0.0339346140662728
"364",37,364,0,-0.241002594617979,-0.0188535050459848,-0.131579656704005
"365",37,365,0,-0.227597804611773,0.198394991987844,-0.0152954784150899
"366",37,366,0,-0.0982788532469062,0.148329562459018,0.0254119621003604
"367",37,367,0,-0.298831972394613,0.023221394266881,-0.141548604385615
"368",37,368,0,-0.144170032225015,0.097202205025982,-0.0238312128994944
"369",37,369,0,-0.243196023369411,0.0235156358161245,-0.111854125971263
"370",37,370,0,-0.0616050522483193,0.151154300919868,0.0452881754731364
"371",37,371,0,-0.165944282169939,0.181376034919079,0.00795582158310543
"372",37,372,0,-0.119047740721026,0.142403378552368,0.0118808815161984
"373",37,373,0,-0.0112643810018908,0.190467314302211,0.0905300442811805
"374",37,374,0,-0.14854385047791,0.140225832997348,-0.00424755909479642
"375",37,375,0,-0.219692517932102,0.13881139014571,-0.0417854560063778
"376",37,376,0,-0.251339204753202,0.0642262716106772,-0.0959672539320151
"377",37,377,0,-0.0852365881708938,0.166927623767489,0.0415064538569679
"378",37,378,0,-0.166301836902717,0.0384620540474233,-0.0645998386384926
"379",37,379,0,-0.171510803478229,0.0737393048065092,-0.0496339049120567
"380",37,380,0,-0.0963528719023961,0.1329469314061,0.0185408241736553
"381",37,381,0,-0.0676520008813778,0.200503177697778,0.0676471569364875
"382",37,382,0,-0.033881213717124,0.264452155435361,0.117946029398096
"383",37,383,0,0.00219610591205158,0.333127216792177,0.172525926472951
"384",37,384,0,0.0188944488688732,0.292093222752577,0.158526603373163
"385",37,385,0,-0.222215223756949,0.0891879561718619,-0.0681739011352933
"386",37,386,0,-0.28583474156536,-0.0467258030708327,-0.168762078416348
"387",37,387,0,-0.102607820592672,0.215421042386412,0.0578748023288641
"388",37,388,0,-0.160937381924789,0.117102312446381,-0.0223496880764707
"389",37,389,0,-0.145983244239319,0.104213884304906,-0.0212168636673683
"390",37,390,0,-0.00942144039272527,0.30445051095685,0.151326641247241
"391",37,391,0,-0.124860175550794,0.144567745377133,0.0100359335544364
"392",37,392,0,-0.227844837401131,0.0620053952579398,-0.0847115279134982
"393",37,393,0,-0.0744549063271744,0.158814622692445,0.0427626380996076
"394",37,394,0,-0.182588030370779,0.0687615256819365,-0.057829638394435
"395",37,395,0,-0.0224928155263069,0.23833797193305,0.109812691922002
"396",37,396,0,-0.0892535302067891,0.108735352057397,0.00983732495884767
"397",37,397,0,-0.0836711814832945,0.166904454159623,0.0422815005331323
"398",37,398,0,-0.0725393690289089,0.223175171919229,0.077011328008398
"399",37,399,0,-0.0596047033677571,0.267631539340385,0.10690761283445
"400",37,400,0,-0.103777273433513,0.102552017310506,-0.000619218370478381
"401",37,401,0,-0.0819548294638994,0.28671443702428,0.106021881469856
"402",37,402,0,-0.0478536340249335,0.184163182552343,0.0690889690936039
"403",37,403,0,-0.212024319291332,0.102548122686602,-0.0561310003079364
"404",37,404,0,-0.262430277766974,0.0527849737863756,-0.107524012985493
"405",37,405,0,-0.247732075293182,0.014644218297355,-0.118613928459839
"406",37,406,0,-0.135114000451798,0.171578689586255,0.0186715576610409
"407",37,407,0,-0.26410523803696,0.049609309535476,-0.109986393978286
"408",37,408,0,-0.0894879884997401,0.269481140104374,0.0930184345972278
"409",37,409,0,-0.0745762054533719,0.198625334641849,0.0632086660464299
"410",37,410,0,-0.169857374472198,0.0999742680766809,-0.0355901822381405
"411",37,411,0,-0.0406111953615908,0.137548885142116,0.0488574615054543
"412",37,412,0,-0.106497556684642,0.199195192214889,0.0474600238532908
"413",37,413,0,-0.0331123457127756,0.248604322048383,0.109953743558237
"414",37,414,0,-0.037363997223819,0.23531170944098,0.100867692479797
"415",37,415,0,-0.136037162840378,0.1312005678955,-0.0024622589076542
"416",37,416,0,-0.0965612290711857,0.278007318090371,0.0940502855936768
"417",37,417,0,-0.279459854260097,0.0279053858168134,-0.128871105518846
"418",37,418,0,-0.236978871581416,0.121699444696122,-0.0595619769196691
"419",37,419,0,-0.0960261076033252,0.160337514574531,0.0326934408863709
"420",37,420,0,-0.0665078049201952,0.185565182100424,0.0604931064874014
"421",37,421,0,-0.0735542919339321,0.176297764616148,0.0521884048311272
"422",37,422,0,-0.0815608318479889,0.224132540913791,0.073000214879328
"423",37,423,0,-0.260487723899694,-0.00638838793890326,-0.135668337930328
"424",37,424,0,-0.140197232263951,0.0991811374169769,-0.0208062343893267
"425",37,425,0,-0.220471804017423,0.111575932578049,-0.0559961290584941
"426",37,426,0,-0.0930388592806837,0.213557999091071,0.0617153189456525
"427",37,427,0,-0.0959277546526277,0.178567012443322,0.0421143125094138
"428",37,428,0,-0.178037138389085,0.0891339068750178,-0.0452609294767023
"429",37,429,0,-0.0270790243847737,0.249444739051751,0.113377898678926
"430",37,430,0,-0.33050573451582,0.0278118766867439,-0.156491839784
"431",37,431,0,-0.248340663133654,0.00306028931252369,-0.124640148446186
"432",37,432,0,0.0382507603067884,0.350380777568536,0.199367314396403
"433",37,433,0,-0.158520821494246,0.0752788520873898,-0.0421986682506022
"434",37,434,0,-0.230317508351412,0.0253539043990879,-0.10420306637548
"435",37,435,0,-0.029844665791876,0.196465688895921,0.0843988141056634
"436",37,436,0,-0.302925317509235,0.0594948950655924,-0.125914222136944
"437",37,437,0,-0.33317251293066,0.035319140809771,-0.154287381919217
"438",37,438,0,-0.0619750335967963,0.222232640586964,0.0817913533216122
"439",37,439,0,-0.108548298520635,0.106968391425601,-0.000799234149152124
"440",37,440,0,-0.312079361126776,0.0847883492671895,-0.118369997223253
"441",37,441,0,-0.0534308315337531,0.169957556133315,0.0590019861954401
"442",37,442,0,-0.0968376177254702,0.280275614762781,0.0951310194787511
"443",37,443,0,-0.0337858961738504,0.146811061528545,0.0569786771153841
"444",37,444,0,0.000374977591179528,0.225878176156023,0.114602648214395
"445",37,445,0,-0.120412169920699,0.0746113696993735,-0.0231203575363826
"446",37,446,0,-0.0578128638143096,0.151960099576165,0.0475984324357556
"447",37,447,0,-0.233335874572817,0.0891160783816495,-0.0740449405313612
"448",37,448,0,-0.109026818470873,0.0920860895939887,-0.00855689460951386
"449",37,449,0,-0.2178743704884,0.183358156083474,-0.0179820535106252
"450",37,450,0,-0.148682729712906,0.17280319850837,0.0123801645785238
"451",37,451,0,-0.240639334656049,0.0878100874499973,-0.0785457752440975
"452",37,452,0,-0.0634197110239737,0.220961141479994,0.0804067504947115
"453",37,453,0,-0.0245310432805599,0.211226607140795,0.0946750615389901
"454",37,454,0,-0.210990135179326,0.0721411872892896,-0.0708514144194381
"455",37,455,0,-0.0631859494826641,0.205652354177937,0.0725508987683114
"456",37,456,0,-0.101453068816111,0.131045552512153,0.0149989816128287
"457",37,457,0,-0.0723321586872193,0.273335613070731,0.103629892723686
"458",37,458,0,-0.186480227117374,0.18107017347837,-0.00279957861173883
"459",37,459,0,-0.187161443378253,0.0895335737872009,-0.0497688317221168
"460",37,460,0,-0.0469269958622652,0.175946812581832,0.0653245536431739
"461",37,461,0,-0.22394207697759,0.141139249727936,-0.0428311289597729
"462",37,462,0,-0.211017315393868,0.16317378284296,-0.0247900505734306
"463",37,463,0,-0.146356245943517,0.135822140403189,-0.00537403214426968
"464",37,464,0,-0.289189439098113,-0.0478478290607155,-0.171083817695161
"465",37,465,0,-0.169339239001449,0.0946372571087607,-0.0380141736041954
"466",37,466,0,-0.200590044348513,0.0495022375141781,-0.0767510226136437
"467",37,467,0,-0.171801673950662,0.0145978153190407,-0.0792950209857633
"468",37,468,0,-0.095628466949492,0.112135156092224,0.00834338786430634
"469",37,469,0,-0.0923872364790258,0.131427863558909,0.0197679693097363
"470",37,470,0,-0.0387248704047639,0.153637521686609,0.0579946172216046
"471",37,471,0,-0.221044381244554,0.121234010738912,-0.0514149316915763
"472",37,472,0,-0.240979303504612,0.153375614717765,-0.0455773901359531
"473",37,473,0,-0.22045468821288,0.0347777829678568,-0.0943892565761088
"474",37,474,0,0.00941370175315462,0.305336375816275,0.160991165234053
"475",37,475,0,-0.0735421389331452,0.185831648547243,0.057108331706417
"476",37,476,0,-0.113172202364105,0.110975918753335,-0.00111211059325712
"477",37,477,0,-0.0632766085282408,0.279950999658,0.111666182302454
"478",37,478,0,0.0219432732102894,0.312702683638053,0.171044559937016
"479",37,479,0,-0.0335181880110999,0.222962450046264,0.0963207673386266
"480",37,480,0,-0.214936332223772,0.0917267671247639,-0.0630939449980994
"481",37,481,0,-0.172059641894763,0.108280904594248,-0.0325291555924461
"482",37,482,0,-0.0796105619229541,0.173211916045021,0.0475624105152679
"483",37,483,0,-0.131895676051892,0.157368502688308,0.0130085775772233
"484",37,484,0,-0.0731003309651144,0.157320380445918,0.0426775215448548
"485",37,485,0,-0.0993483206589989,0.232973134808242,0.0687184319103684
"486",37,486,0,-0.217592581271074,0.0248473461912019,-0.0978237476127483
"487",37,487,0,-0.257936546816143,0.0636890504559884,-0.0997280148791314
"488",37,488,0,-0.232837624398801,0.167450331974486,-0.0340595097689917
"489",37,489,0,-0.226281143797699,0.0922879543211975,-0.0687489341442053
"490",37,490,0,-0.15066305944061,0.0860207033671524,-0.0327807528792786
"491",37,491,0,-0.181973216176409,0.0610898770451772,-0.0613511942729045
"492",37,492,0,-0.187962543390197,0.221661310067423,0.0175873550840992
"493",37,493,0,-0.229136952168127,0.0417383750453105,-0.0954662665582293
"494",37,494,0,-0.0775989132900485,0.130341947421074,0.0266599094559021
"495",37,495,0,-0.0459406489411317,0.247935750053921,0.103250302506573
"496",37,496,0,-0.139289482761452,0.0964754655955545,-0.0217088206419032
"497",37,497,0,-0.173204272985852,0.0957694786295097,-0.0394316773622479
"498",37,498,0,-0.091391094490101,0.0577972493936485,-0.0168909352916924
"499",37,499,0,-0.183716101074774,0.107463161828845,-0.0389533665241082
"500",37,500,0,-0.195693758095024,0.171236344244193,-0.0126547235708131
"501",37,501,0,-0.193420229540236,0.121566560264638,-0.0368418779841348
"502",37,502,0,-0.163151696878374,0.180873770214853,0.00913123704695427
"503",37,503,0,-0.0405478696583154,0.184255747118733,0.072778265128629
"504",37,504,0,-0.00604730438161798,0.258928079544774,0.128737507209032
"505",37,505,0,-0.150260825387262,0.128535353799694,-0.0110780280299696
"506",37,506,0,-0.141131142287129,0.0679957027735322,-0.0369725062705746
"507",37,507,0,-0.109648799060782,0.0978335999996727,-0.00597187250216533
"508",37,508,0,-0.045915763653913,0.223959079397795,0.0906863231336356
"509",37,509,0,-0.177236219029306,0.127802579218414,-0.0253058574209865
"510",37,510,0,-0.12554444432353,0.0527980969392615,-0.0366651061813029
"511",37,511,0,-0.144363291606903,0.151044600916375,0.00341516224065626
"512",37,512,0,-0.343000369394887,0.00995313540366192,-0.172039654715353
"513",37,513,0,-0.122685227972851,0.242941212292475,0.0622150691476182
"514",37,514,0,-0.207770917994023,0.122930187140392,-0.0436150462702936
"515",37,515,0,-0.0930873327814104,0.192997596488801,0.0510013433365022
"516",37,516,0,-0.130880104731124,0.165779524763856,0.0178423959250667
"517",37,517,0,-0.0134748072646899,0.198961303502455,0.0938109382061792
"518",37,518,0,-0.20051915708658,-0.047431511900403,-0.124717524749534
"519",37,519,0,-0.136827510514083,0.172931513570493,0.0184958212452298
"520",37,520,0,-0.0648418882223866,0.153634340639913,0.0449334877451481
"521",37,521,0,-0.115858881057344,0.1401583107835,0.0123521500525262
"522",37,522,0,-0.311738392215812,-0.103051150111933,-0.209782692664997
"523",37,523,0,-0.065852108293115,0.17144952002421,0.0535547889434472
"524",37,524,0,0.0125202398102001,0.245670191809276,0.130904755164412
"525",37,525,0,-0.0759422115189601,0.175714743844545,0.0506908797064021
"526",37,526,0,-0.155990536020777,0.184387404550304,0.0146220391268186
"527",37,527,0,-0.0608598233990294,0.182025129786364,0.0614929595402794
"528",37,528,0,-0.0955624394799907,0.138747141525534,0.0218929796442391
"529",37,529,0,-0.0287718344067033,0.178621656354582,0.0757440363642549
"530",37,530,0,-0.180907426358333,0.0423595067510118,-0.0701524714043707
"531",37,531,0,-0.0866692703477014,0.180791546750977,0.047920069236351
"532",37,532,0,-0.284711996624521,0.0195672913120127,-0.135772613262018
"533",37,533,0,-0.131819303103446,0.174200476436328,0.0216988340388445
"534",37,534,0,-0.308916106902304,0.0382395357622253,-0.139626144650139
"535",37,535,0,-0.364252727230551,-0.00728673513903555,-0.192116329836737
"536",37,536,0,-0.0882995723158171,0.152753544530864,0.0327025457806977
"537",37,537,0,-0.177449241608485,0.0649218593211798,-0.0571050353197888
"538",37,538,0,-0.188614942753709,0.0550434124691769,-0.0677966028699432
"539",37,539,0,-0.407449147259971,-0.0921327227265108,-0.256605992824397
"540",37,540,0,-0.19035127131846,0.11209623898284,-0.040044720962323
"541",37,541,0,-0.0882379604152568,0.152815610569277,0.0327653010624715
"542",37,542,0,0.0455319666950433,0.352493730215076,0.204022272783449
"543",37,543,0,-0.229040072448273,-0.0233781857991334,-0.127580266520942
"544",37,544,0,-0.365737340776559,0.0503892536508511,-0.165008114381693
"545",37,545,0,-0.183787352005927,0.130606384537488,-0.0272647067597137
"546",37,546,0,-0.229263671976555,0.0955933232763276,-0.0686548459776685
"547",37,547,0,-0.0822429634506656,0.156251507696868,0.0375388129377658
"548",37,548,0,-0.0436482252429453,0.142815408346264,0.0500194501913879
"549",37,549,0,-0.231900753120032,0.0879791830292577,-0.0738602856827291
"550",37,550,0,-0.0983699181794766,0.111188126791056,0.00648025163354195
"551",37,551,0,-0.0232460300866117,0.300238896410734,0.142293761437879
"552",37,552,0,-0.199587396649197,0.114358971562024,-0.0436928377619577
"553",37,553,0,0.0436799623927114,0.356190153701204,0.205158386768181
"554",37,554,0,-0.121049908476646,0.14482633787214,0.0121021207414423
"555",37,555,0,-0.223361524461982,0.114187343201208,-0.0561926525236567
"556",37,556,0,-0.14806355774609,0.209502873413132,0.0317350076411052
"557",37,557,0,-0.179809493684005,0.15404651172672,-0.0132507866276782
"558",37,558,0,-0.251477564168205,0.0807449750265238,-0.0878074602563362
"559",37,559,0,-0.0794445867314498,0.209808640654538,0.0665807574773284
"560",37,560,0,-0.0679235272789392,0.206532693948899,0.0706414158255443
"561",37,561,0,-0.138790111793791,0.0754787987064505,-0.0320235896123414
"562",37,562,0,-0.0899617037630112,0.132778781846156,0.0216775375527366
"563",37,563,0,-0.353510322899908,-0.0156056739366566,-0.190184269343587
"564",37,564,0,-0.205703137236769,0.0281802001911077,-0.0900021921526844
"565",37,565,0,0.0825012342584096,0.322160406365432,0.20540820048357
"566",37,566,0,-0.0249833138889113,0.172118938129008,0.0742933385638871
"567",37,567,0,-0.179496349744335,-0.016164957197189,-0.0984939287847551
"568",37,568,0,-0.15850518769104,0.124132950735908,-0.0175364458107576
"569",37,569,0,-0.0977159431538601,0.147551062095896,0.0252982593677622
"570",37,570,0,-0.151154141792116,0.201945297691106,0.0262131819594464
"571",37,571,0,-0.0566420788395965,0.218262021451575,0.0823767505324361
"572",37,572,0,-0.186347096983666,0.0540006069251081,-0.0671472978961131
"573",37,573,0,-0.156284505861024,0.240044262837268,0.0435949450413933
"574",37,574,0,-0.16616827093129,0.0644825987506654,-0.0515299828678599
"575",37,575,0,-0.262112473830607,-0.0421962478187659,-0.154061801855556
"576",37,576,0,-0.0687444193255468,0.244338664500765,0.0900206761332408
"577",37,577,0,-0.165069788373127,0.139184638757917,-0.0132492506857295
"578",37,578,0,-0.166432854893053,0.200230505938078,0.0174867373267019
"579",37,579,0,-0.149502463933202,0.150650676515699,0.000587334824409883
"580",37,580,0,-0.0557512929004475,0.128020168015061,0.0364425270578953
"581",37,581,0,-0.15117005771545,0.105830965827705,-0.0230503612956079
"582",37,582,0,-0.0925886853945143,0.144746279553508,0.0264515440968748
"583",37,583,0,-0.270977490654586,0.0787329015588238,-0.0991839682318391
"584",37,584,0,-0.146559949662409,0.183395107118347,0.0189330709461874
"585",37,585,0,-0.0686291795390507,0.236007209796747,0.0856914896389079
"586",37,586,0,-0.00923128810008677,0.186238665253137,0.0893641109203655
"587",37,587,0,-0.288069114011018,0.0561454274272694,-0.119552893913524
"588",37,588,0,-0.0746431841923569,0.159680362356383,0.043111461750679
"589",37,589,0,0.0138834817548734,0.339610681220316,0.18172727894721
"590",37,590,0,-0.218115698011677,0.13349468331631,-0.0436625022629114
"591",37,591,0,-0.0652474974484614,0.141786368572655,0.0386845847126538
"592",37,592,0,-0.0796526115830923,0.151030427372205,0.0361707332381352
"593",37,593,0,-0.164075318880662,0.107833101932461,-0.0286511096375117
"594",37,594,0,-0.117740565493541,0.152135826642005,0.017516675867884
"595",37,595,0,-0.110144065546008,0.220407028169709,0.0566847360203539
"596",37,596,0,-0.0206787226151867,0.306492454176265,0.146922879367666
"597",37,597,0,-0.0398434688891495,0.190772804494357,0.0764875478411776
"598",37,598,0,-0.210626973173461,0.148050439171398,-0.0323291003635556
"599",37,599,0,0.0576602797437954,0.277114138825231,0.169487420725783
"600",37,600,0,-0.0931351998456747,0.246282429407943,0.078858626553076
"601",37,601,0,-0.071140674509329,0.161562137750818,0.045832484081299
"602",37,602,0,-0.147799509837827,0.175730822091403,0.0143410063099019
"603",37,603,0,-0.168887018666226,0.14658291382148,-0.0114366358741267
"604",37,604,0,-0.12284642855974,0.210117137463797,0.0448817461623018
"605",37,605,0,-0.122007191612825,0.179926617340259,0.029635720943384
"606",37,606,0,-0.243889428489823,0.0778374926584208,-0.0852476504346527
"607",37,607,0,-0.177520454270946,0.0975839816426126,-0.0407403254389935
"608",37,608,0,-0.15374012720766,0.26462604359872,0.057988581546519
"609",37,609,0,-0.0827450317355177,0.172530841533132,0.0456379392191889
"610",37,610,0,-0.15828490634333,0.147321713319614,-0.00561264946266992
"611",37,611,0,-0.141596004446901,0.262096387372585,0.0628192916538787
"612",37,612,0,-0.178590982148369,0.0850459090147217,-0.0476015109697349
"613",37,613,0,-0.167881614248067,0.217362009859257,0.025694137980682
"614",37,614,0,-0.221865479773115,0.016151975721986,-0.104350714213612
"615",37,615,0,-0.114831165060812,0.0897739511998638,-0.0126611370510598
"616",37,616,0,-0.198645866861753,0.0563995255417084,-0.0723050765962294
"617",37,617,0,-0.150792178793116,0.114627948457901,-0.0184063958219615
"618",37,618,0,-0.332707795393691,0.0504810132097332,-0.146608863122903
"619",37,619,0,0.11894389040425,0.318704017620195,0.221142260909627
"620",37,620,0,-0.093017868516317,0.180628012404835,0.044642439010229
"621",37,621,0,-0.176066585569666,0.141891347206312,-0.0175308316550357
"622",37,622,0,-0.15893408384481,0.0801358140452108,-0.0399711679452371
"623",37,623,0,-0.0419154987170942,0.215585770715009,0.088310344937055
"624",37,624,0,-0.152001281474653,0.196209287611628,0.0227953385314124
"625",37,625,0,-0.00344346982939984,0.204130493899216,0.101447516384804
"626",37,626,0,-0.0570858710281295,0.211262692510099,0.0785104195901389
"627",37,627,0,-0.169374437555124,0.146755444875149,-0.0115993383281162
"628",37,628,0,-0.0175840379561451,0.230804600099349,0.108300240914769
"629",37,629,0,-0.140323129989919,0.0959641592553958,-0.022493606051992
"630",37,630,0,-0.191354127896421,0.090361701632025,-0.0515211073439294
"631",37,631,0,-0.266528419609603,0.0233027196656793,-0.124262467483125
"632",37,632,0,-0.0122934462837034,0.299467404750889,0.147242046153199
"633",37,633,0,-0.147893221173394,0.178687302833185,0.0158189350806825
"634",37,634,0,-0.202146642022477,0.129026100400032,-0.0375924304749616
"635",37,635,0,-0.113778595045158,0.0875440098547267,-0.0132515902995316
"636",37,636,0,-0.0491134697235362,0.180768462417837,0.0667127545876941
"637",37,637,0,-0.0847682159735006,0.210954874231404,0.0645094657769065
"638",37,638,0,-0.237950867128949,0.100227652494468,-0.0708986277145076
"639",37,639,0,-0.237015710995343,0.0330420464706641,-0.103901537356696
"640",37,640,0,-0.107727725261916,0.18327333410564,0.0385909837965618
"641",37,641,0,-0.136554052893289,0.147715894139643,0.0056959968063715
"642",37,642,0,-0.316296715491935,0.0632153493545429,-0.13135019536115
"643",37,643,0,-0.0643260273623636,0.164187181591159,0.0505927159957636
"644",37,644,0,-0.100024424552229,0.129149581898428,0.0147563741865043
"645",37,645,0,-0.194736248105986,0.117324682463382,-0.0396731307064617
"646",37,646,0,-0.0530048944712209,0.233457373607137,0.0921321896424322
"647",37,647,0,-0.32712035911144,0.0325904419433516,-0.152304745312435
"648",37,648,0,-0.0454024082877406,0.167002905621981,0.0614964708035378
"649",37,649,0,-0.122364960631532,0.120393483899753,-0.00100047834341707
"650",37,650,0,-0.0921065091224712,0.239980888183943,0.07604566231814
"651",37,651,0,-0.0598172585614861,0.175501883727,0.0586571129438878
"652",37,652,0,-0.0616521531540896,0.114334765952292,0.0265469996444553
"653",37,653,0,-0.0145679852988999,0.248485175801612,0.119047099212666
"654",37,654,0,-0.080189694127779,0.141754428551711,0.0311665455096732
"655",37,655,0,-0.191974210804255,0.153287859103156,-0.0199375741871676
"656",37,656,0,-0.0232003763218064,0.215329688880616,0.0974641029209224
"657",37,657,0,-0.289180752936871,0.0465176187372857,-0.124904701295591
"658",37,658,0,-0.17855107917677,0.14920782786552,-0.015076620115332
"659",37,659,0,-0.00530645770740098,0.216895750780377,0.107132187619009
"660",37,660,0,-0.138314558799854,0.0772638348059574,-0.0308845328929807
"661",37,661,0,-0.189776184639101,-0.00617441026721468,-0.098816202668152
"662",37,662,0,-0.118984588569047,0.176486069272097,0.0293928022246375
"663",37,663,0,-0.0372826505505268,0.259729363540854,0.113764475580047
"664",37,664,0,-0.297856374311109,0.0238054508113467,-0.140737442521408
"665",37,665,0,-0.222036951547453,0.00561356067428359,-0.109649392454658
"666",37,666,0,-0.168393175207337,0.101324075988434,-0.0341564603425298
"667",37,667,0,-0.193212613017632,0.132338420307118,-0.031266313629238
"668",37,668,0,-0.14861898755809,0.149867243057108,0.000638345958649903
"669",37,669,0,-0.134269945744777,0.176965064564851,0.0218776129122939
"670",37,670,0,-0.0927141313912071,0.227824957628273,0.0693450154819145
"671",37,671,0,-0.0134515866448555,0.260005854131869,0.12566334341926
"672",37,672,0,-0.230194794249159,0.133238821222127,-0.0501376144329645
"673",37,673,0,-0.0364377518156708,0.16367878979555,0.0642665754491991
"674",37,674,0,-0.145947055918418,0.0271642910282245,-0.0598413056551273
"675",37,675,0,-0.180293318678403,0.125710108531644,-0.0279463143466342
"676",37,676,0,-0.093426441590005,0.199350833564497,0.0541254183441813
"677",37,677,0,-0.0243748118375773,0.194464267719868,0.086082968826077
"678",37,678,0,-0.258596493592814,0.100243353409422,-0.0818279116969137
"679",37,679,0,-0.151422657856627,0.177915130062815,0.0136154984414804
"680",37,680,0,-0.135195887746828,0.133192645735531,-0.00101998909121844
"681",37,681,0,-0.237877110685907,0.173047244257852,-0.0338452705858251
"682",37,682,0,-0.239371375868839,0.112858792278447,-0.0652897510097149
"683",37,683,0,-0.229552639068077,0.0515111797351175,-0.0908291568041873
"684",37,684,0,-0.167755873040764,0.135058549808973,-0.0167323411647884
"685",37,685,0,-0.131045249278177,0.199515796985245,0.0351979594857045
"686",37,686,0,-0.130900957212783,0.156270414815915,0.0129517979438093
"687",37,687,0,-0.0901019059559857,0.195515223282245,0.0538071377794228
"688",37,688,0,-0.0131841674596867,0.22746249899652,0.108731908789487
"689",37,689,0,-0.0395293298771013,0.20611078694425,0.0845755824432063
"690",37,690,0,-0.0683317661571362,0.21668943000789,0.0757254482345481
"691",37,691,0,-0.0569413886842524,0.224889106825167,0.0856877009155198
"692",37,692,0,-0.152169994322761,0.0704413612614372,-0.0413778126020331
"693",37,693,0,-0.122650274087802,0.14376277972443,0.0107469684347474
"694",37,694,0,-0.147535405715086,0.0563238941274405,-0.0460855774500064
"695",37,695,0,-0.206913948413068,0.139352298344117,-0.0348259656408027
"696",37,696,0,-0.267828210472339,0.100451086920691,-0.086648032615183
"697",37,697,0,-0.208031666630935,0.10105038997924,-0.0548033510649013
"698",37,698,0,-0.14610942293997,0.113289939151052,-0.0166905880076
"699",37,699,0,-0.125697872947088,0.0993270783770419,-0.0133544822121267
"700",37,700,0,-0.243686341694475,0.0492406075317822,-0.0993754208654812
"701",37,701,0,-0.235236554341909,0.235563908588136,0.000173279083867481
"702",37,702,0,-0.224625876567243,0.0725935065239763,-0.0777433413758381
"703",37,703,0,-0.074456390301155,0.226168644417541,0.0776202548101372
"704",37,704,0,-0.0381604867315665,0.209032004414212,0.0867711780727143
"705",37,705,0,0.00356665324486802,0.260273547724804,0.134170332619114
"706",37,706,0,-0.191045507462105,0.133057394255669,-0.0297766881481057
"707",37,707,0,0.0263275733925335,0.356048248160012,0.196744208806175
"708",37,708,0,-0.229860077862132,-0.0268679977735649,-0.129723001479287
"709",37,709,0,-0.0685142974103675,0.242080105554662,0.0889446893406288
"710",37,710,0,-0.0141791204292698,0.208824476303759,0.0985599064986267
"711",37,711,0,-0.096629543271655,0.244261254091361,0.0760373327882241
"712",37,712,0,-0.104147315113779,0.172797396008863,0.034996898831103
"713",37,713,0,-0.10639475171122,0.129140590030421,0.0115328924138592
"714",37,714,0,-0.0398417912994444,0.223977449007524,0.0937126337842187
"715",37,715,0,-0.0695952236020507,0.157895350898497,0.0447299241007991
"716",37,716,0,-0.137759807422518,0.229256799242031,0.0473463596643014
"717",37,717,0,-0.150565084835222,0.070559506724116,-0.0404986487198864
"718",37,718,0,-0.118200015949163,0.216458620551534,0.050548127931078
"719",37,719,0,-0.111318134925053,0.247943241382564,0.0706017122532636
"720",37,720,0,-0.0681145570181327,0.164345158275372,0.0487757812392772
"721",37,721,0,-0.111622574333614,0.117290676767614,0.00287167133409013
"722",37,722,0,-0.0924450672331011,0.199573859724533,0.0547347035863838
"723",37,723,0,-0.0166118825543181,0.232733597875834,0.109787809817935
"724",37,724,0,-0.180183801080961,0.0954561068414656,-0.043185633172248
"725",37,725,0,-0.0745540620784791,0.126166969610529,0.0260692056504414
"726",37,726,0,-0.327854752529826,0.0311333637396737,-0.153418681800524
"727",37,727,0,-0.0639163945625173,0.165645267524352,0.0515453125110363
"728",37,728,0,-0.20086287121607,0.168023034781496,-0.0169983499814225
"729",37,729,0,-0.0679745475118671,0.250724618353603,0.0937768242934375
"730",37,730,0,-0.175613562048429,0.116408411135004,-0.0302480171735515
"731",37,731,0,-0.21881254125389,0.085103487573282,-0.0684422068394625
"732",37,732,0,-0.0488450499621472,0.216366063037511,0.0852707130518191
"733",37,733,0,-0.135304043796055,0.089507894666602,-0.0231912541126866
"734",37,734,0,-0.325170773482431,0.0787367778225826,-0.128544085201195
"735",37,735,0,-0.312189084530263,-0.0452069252435772,-0.182051221148256
"736",37,736,0,-0.153920419507673,0.111942885308383,-0.0213665001649304
"737",37,737,0,-0.16210577065972,0.120508863927473,-0.021222404327292
"738",37,738,0,-0.24839884071438,0.151523708059393,-0.0504601335975146
"739",37,739,0,-0.0193556885177893,0.228446412894307,0.106193896810478
"740",37,740,0,-0.250452783533141,0.136849051573389,-0.0590227029264883
"741",37,741,0,-0.25001590114759,-0.00339923525275974,-0.12869683520231
"742",37,742,0,-0.330480037237424,0.0493378962544297,-0.145944880347586
"743",37,743,0,-0.122426895287241,0.114616945663343,-0.00396061215638198
"744",37,744,0,-0.116408688482538,0.183414922119232,0.0342742667516927
"745",37,745,0,-0.0346782598184197,0.216482316769458,0.0923710937146069
"746",37,746,0,-0.17051193160568,0.150571541208821,-0.0102339893657323
"747",37,747,0,-0.0537602002864357,0.278718990967729,0.115719548921081
"748",37,748,0,-0.137889264154226,0.0652194642901616,-0.036714048303006
"749",37,749,0,0.031731447569532,0.259269983520403,0.147451084421962
"750",37,750,0,-0.0743321842321382,0.255443803525618,0.0931087813855082
"751",37,751,0,-0.107566439723157,0.13148647067369,0.0121333851322893
"752",37,752,0,-0.113169041131664,0.146646943312965,0.0170263715241653
"753",37,753,0,-0.0724421063167215,0.105132896005983,0.0164753083157258
"754",37,754,0,0.0819837615571702,0.285171847939327,0.185560583369584
"755",37,755,0,-0.143116103731125,0.144551354171062,0.000732785191738263
"756",37,756,0,-0.0924308470163879,0.125331269015051,0.0166476240570911
"757",37,757,0,-0.144748392253673,0.120006123873189,-0.0125918244058192
"758",37,758,0,-0.0853819874346627,0.170662843458808,0.0433522763952159
"759",37,759,0,-0.147740423223755,0.0979681583761343,-0.0252677428968013
"760",37,760,0,-0.153005661168535,0.151373532401951,-0.000835413982269517
"761",37,761,0,-0.227202768686822,0.0813948500055682,-0.0746919712812851
"762",37,762,0,-0.234953364770243,0.0437247450664931,-0.0975256289964971
"763",37,763,0,-0.0319598036930559,0.128394237425815,0.0485299160860755
"764",37,764,0,-0.193110634851566,0.132465526076647,-0.0311487760552254
"765",37,765,0,-0.123161384074495,0.17851191382645,0.0283201005572495
"766",37,766,0,-0.114982920318564,0.115002653503534,9.99881016161569e-06
"767",37,767,0,-0.253255568913871,0.0378061748894964,-0.110084176168322
"768",37,768,0,-0.164951084328137,0.111639284164348,-0.0271760336754023
"769",37,769,0,-0.0718839061752592,0.314285598566244,0.125970040696613
"770",37,770,0,-0.137140725112615,0.137525408726887,0.000196039178974469
"771",37,771,0,-0.122371281212434,0.184025249006001,0.0315686117361691
"772",37,772,0,-0.281122853532843,-0.0316880512289763,-0.158940708970709
"773",37,773,0,-0.162305936786992,0.100445864892767,-0.0314737911913107
"774",37,774,0,-0.191956843904887,0.161199180232938,-0.0158738975536026
"775",37,775,0,-0.0971024891853976,0.195220425321894,0.0501325999508976
"776",37,776,0,-0.0956848797232361,0.147739711644052,0.0264190540317638
"777",37,777,0,-0.166399403789606,0.0846491623319732,-0.0415306040078517
"778",37,778,0,-0.0789438794663407,0.148480186428416,0.0352241755730163
"779",37,779,0,-0.176424918324737,0.158279612501064,-0.00933409294642897
"780",37,780,0,-0.144320790135615,0.0834262582963103,-0.0308476489719615
"781",37,781,0,-0.144198999351008,0.118026351050244,-0.0133152604745944
"782",37,782,0,-0.0793643213135969,0.17191423189052,0.0470187757745949
"783",37,783,0,-0.294818267488278,0.0958620584063199,-0.103467243910526
"784",37,784,0,-0.116784831797183,0.153717375597725,0.0188104891314227
"785",37,785,0,-0.204873464007298,0.0678412905494895,-0.0698205232629594
"786",37,786,0,-0.296472291516563,0.0581125788111754,-0.123107051321573
"787",37,787,0,-0.00285690506939804,0.206065107024667,0.102737003419084
"788",37,788,0,-0.232722097549358,0.0149021616982244,-0.110626491714543
"789",37,789,0,-0.132410212592864,-0.00339683937314581,-0.0681885862687774
"790",37,790,0,-0.0828126794509745,0.194030168623072,0.0566985527700078
"791",37,791,0,-0.191619471493535,0.0140461172550934,-0.0897432974806839
"792",37,792,0,-0.138175813939111,0.0808084041193987,-0.0290320463141849
"793",37,793,0,-0.270498960208433,0.0202608338209531,-0.12786547856747
"794",37,794,0,-0.0543287840816205,0.124607287162584,0.035423150571939
"795",37,795,0,-0.247318368731757,-0.011547813625817,-0.131289148708846
"796",37,796,0,-0.102376694704149,0.116128951583641,0.00695919865827201
"797",37,797,0,-0.0971251092066346,0.154076358442584,0.0289324257270412
"798",37,798,0,-0.187545033987796,0.0402312722444546,-0.0746302235315789
"799",37,799,0,-0.136074286124049,0.0820160395837419,-0.0273546337225495
"800",37,800,0,-0.0583515578075995,0.262423339683191,0.104759864996668
"801",37,801,0,-0.268545387461002,0.0176731676018491,-0.128102529574841
"802",37,802,0,-0.171397312986294,0.085076352953228,-0.0438834997849198
"803",37,803,0,-0.184952054833969,0.16935564312336,-0.00805088660805248
"804",37,804,0,-0.232940736907043,0.0747369553019055,-0.0810319972644602
"805",37,805,0,-0.151430959098198,0.150243837405163,-0.000607379911078119
"806",37,806,0,-0.253381743441017,0.0544426487878629,-0.101908372954468
"807",37,807,0,-0.201574528823554,0.0959797331716202,-0.0539959965071229
"808",37,808,0,-0.140335801870361,0.10884141124756,-0.0159955458627768
"809",37,809,0,-0.230685866156848,0.0849342389218172,-0.0747475226035569
"810",37,810,0,-0.097801334274211,0.241148888911293,0.0738048598923942
"811",37,811,0,-0.191224338154135,0.0233736762887327,-0.0849099216803934
"812",37,812,0,-0.216814606955283,0.0518698828694791,-0.0839989367959906
"813",37,813,0,-0.160471016910279,0.0536509802514316,-0.0540311184845137
"814",37,814,0,-0.0472976902076833,0.192245566864687,0.0735344598961824
"815",37,815,0,-0.242974833015402,0.0372288154929293,-0.104955618485465
"816",37,816,0,-0.143416799504017,0.143540320209419,6.30584807152998e-05
"817",37,817,0,-0.179132637419526,-0.00077900805292022,-0.0906829101504888
"818",37,818,0,-0.239814539480816,0.0203450641747297,-0.111647326961807
"819",37,819,0,-0.0551349003041212,0.189383776105753,0.068147746839973
"820",37,820,0,-0.127543675573076,0.159910687293134,0.0165249616150549
"821",37,821,0,-0.155407188240976,0.114733193414754,-0.0207150817426226
"822",37,822,0,-0.173803549889577,0.160055823942077,-0.00707090705558762
"823",37,823,0,-0.236268283962016,0.0187792299986724,-0.110564441383588
"824",37,824,0,-0.181718846915552,0.130065587521731,-0.0264703626810211
"825",37,825,0,-0.230512041341327,0.0485043102898968,-0.0928258837003912
"826",37,826,0,-0.353020329276131,-0.0616166100206117,-0.212026540601499
"827",37,827,0,-0.148023947723012,0.149882932402284,0.000950583065766504
"828",37,828,0,-0.269808354211781,0.0921446580172739,-0.0918654258070785
"829",37,829,0,-0.12234287421843,0.214437242512993,0.047393989984159
"830",37,830,0,0.0195760866250067,0.268583782785152,0.146398182297497
"831",37,831,0,-0.155487160202595,0.0804542789056745,-0.0380466968536704
"832",37,832,0,-0.110109248031318,0.114404536826601,0.00217505370396134
"833",37,833,0,0.0452859004058842,0.319559542635426,0.186044486748438
"834",37,834,0,-0.161116846321545,0.0598248533175344,-0.0512733558467057
"835",37,835,0,-0.065446923293841,0.209576286341496,0.0734611845186494
"836",37,836,0,-0.290359706832789,0.0572649538142711,-0.120231271627202
"837",37,837,0,-0.10724800006844,0.217689638315666,0.0567227849799874
"838",37,838,0,-0.16754663521029,0.119833895341498,-0.024359612685264
"839",37,839,0,-0.13149780677185,0.132672460730764,0.000597755717823262
"840",37,840,0,-0.103828558167263,0.128735576522388,0.0126242348521358
"841",37,841,0,-0.127629448406871,0.111709688833261,-0.0080755353941096
"842",37,842,0,-0.147867699245796,0.192555181337045,0.0230107499231368
"843",37,843,0,-0.119527033250232,0.224278081627234,0.0539750346388072
"844",37,844,0,-0.135869347385385,0.202732952747566,0.0344195012454099
"845",37,845,0,-0.12051351510758,0.224807446430409,0.053753964164037
"846",37,846,0,-0.173009084572842,0.167162725243646,-0.00301026503547412
"847",37,847,0,-0.112226030882102,0.110401727716239,-0.000923595662987197
"848",37,848,0,-0.125865609954495,0.221006824438114,0.0490494719695345
"849",37,849,0,-0.244285446392958,0.10413768779953,-0.0722786803836828
"850",37,850,0,-0.156723449822856,0.103601595103261,-0.027019019972667
"851",37,851,0,-0.147412207173866,0.208004883044124,0.0312852744765091
"852",37,852,0,-0.0766825401084415,0.179968241732346,0.0525099039581065
"853",37,853,0,-0.151748909961036,0.0454287982146572,-0.0536833385037067
"854",37,854,0,-0.23164154662541,0.0767816003530054,-0.079328151855305
"855",37,855,0,-0.113337760360528,0.157228295827877,0.0223545910346597
"856",37,856,0,-0.0912098360534183,0.170016774113263,0.0400884534680763
"857",37,857,0,-0.191005556286719,0.116508619263572,-0.0381517058066768
"858",37,858,0,-0.0476248586510406,0.197625733570258,0.076152111684308
"859",37,859,0,-0.170425468299573,0.0929919271724085,-0.0394013166060527
"860",37,860,0,-0.202638464513309,0.0917853335008059,-0.0566582949538383
"861",37,861,0,-0.212599944932336,0.0390577766026211,-0.0881779616458886
"862",37,862,0,-0.0174362201389051,0.243874858172004,0.115212083594645
"863",37,863,0,-0.155244967630776,0.101964789715351,-0.0270884339284504
"864",37,864,0,-0.102117256677231,0.178158271298312,0.0387832811357061
"865",37,865,0,-0.174293474719185,0.0570286194224202,-0.0594302342768762
"866",37,866,0,-0.119158756785122,0.190856141448426,0.036732437697489
"867",37,867,0,-0.216583582652527,0.0027270571085805,-0.108245074225078
"868",37,868,0,-0.0475121671819707,0.204674055806744,0.0798586733365957
"869",37,869,0,-0.128998039744608,0.183623137759454,0.0279971262757601
"870",37,870,0,-0.114032246521065,0.186565484610563,0.037105962945384
"871",37,871,0,-0.0491465621570264,0.192876425938394,0.0729386578566292
"872",37,872,0,-0.059688237672847,0.152616974519757,0.046995085580008
"873",37,873,0,-0.101804530324011,0.124624379528528,0.011558090109847
"874",37,874,0,-0.173933433169308,0.0862126713020687,-0.0446167314726684
"875",37,875,0,-0.0698244470042355,0.301219909855892,0.119881919692022
"876",37,876,0,-0.206835995691441,0.126443326219766,-0.0413463846052637
"877",37,877,0,-0.357797125371046,-0.00270763917685056,-0.186330029233585
"878",37,878,0,-0.243705186430805,0.0796826977837511,-0.0842287159146064
"879",37,879,0,-0.0714786015733022,0.216966332485993,0.0742976635859399
"880",37,880,0,-0.235875547021023,0.0538587281999669,-0.0929763071378316
"881",37,881,0,-0.150181429565432,0.112136947193406,-0.0193553283626978
"882",37,882,0,-0.0882501787265789,0.213714818139426,0.0642017630081396
"883",37,883,0,-0.237459113375026,-0.00139515664848461,-0.12113957116858
"884",37,884,0,-0.0566230210278065,0.228604859160231,0.0877900393129637
"885",37,885,0,0.0802366778446628,0.35432201690923,0.2216527663376
"886",37,886,0,-0.195004466971507,0.113060875534842,-0.0419692766800467
"887",37,887,0,-0.0930375811894949,0.266203038726329,0.0894926171765671
"888",37,888,0,-0.0902477770817509,0.163494361377708,0.0372232657237252
"889",37,889,0,-0.129200918260057,0.0820463385862368,-0.0238434453018893
"890",37,890,0,-0.190095931257488,0.0109017604656024,-0.090518802257155
"891",37,891,0,-0.0992408327077449,0.180673141755238,0.0415310407774491
"892",37,892,0,-0.0731112842622729,0.365630520729781,0.153833013595753
"893",37,893,0,0.0359893749224439,0.275770403855255,0.158211481049997
"894",37,894,0,-0.150180039025035,0.154418965716581,0.00216979220783345
"895",37,895,0,-0.174017670879282,0.184963435569226,0.00565507679379728
"896",37,896,0,-0.158699860920213,0.203517826410766,0.0231693415006272
"897",37,897,0,-0.108700980991561,0.138905048643535,0.0153371638578529
"898",37,898,0,-0.278663804733928,0.00522722421304623,-0.139585448232847
"899",37,899,0,0.0118711290136712,0.24530878687296,0.130396683777088
"900",37,900,0,-0.212198242622545,0.0179131145863645,-0.0984585257274457
"901",37,901,0,-0.0082361245563784,0.268292539500904,0.132607751675326
"902",37,902,0,-0.226590735362135,0.0429769738587645,-0.0935205527004435
"903",37,903,0,-0.197034405494913,0.19809858921423,0.000553704342327427
"904",37,904,0,-0.124107978316227,0.0604878781826773,-0.0320836469171564
"905",37,905,0,-0.167805017871766,0.145391918965678,-0.0114883145900489
"906",37,906,0,-0.141351673672956,0.0737138721769874,-0.0342149972604757
"907",37,907,0,-0.108007102124799,0.126592923065869,0.0094225697210806
"908",37,908,0,-0.183568122508417,0.136285565584723,-0.0242621785281139
"909",37,909,0,-0.0556092137850485,0.244472530282462,0.0966269818552944
"910",37,910,0,-0.183371939191235,0.0637526455955656,-0.0607403904820516
"911",37,911,0,-0.203324582739384,0.109855690420793,-0.0479119051245996
"912",37,912,0,-0.137779001598788,0.136174349911225,-0.000817667428675191
"913",37,913,0,-0.159444341342723,0.127341336286105,-0.0163885647728372
"914",37,914,0,-0.187845178815295,0.0974612530157897,-0.0461327223541178
"915",37,915,0,-0.0723021266718746,0.163112651270204,0.0460445473885924
"916",37,916,0,-0.109952778913472,0.170088640321432,0.0306697914974663
"917",37,917,0,-0.257476069818451,0.0650570798510104,-0.0988037351259043
"918",37,918,0,-0.064056969010104,0.185170376295733,0.0615155233678104
"919",37,919,0,-0.0888128027203047,0.103173836566265,0.00724730224062311
"920",37,920,0,-0.239458292486965,0.0419844233860335,-0.100752125608247
"921",37,921,0,-0.207655184818233,0.0908069803014501,-0.0597596064556386
"922",37,922,0,-0.249083743907087,0.10197031697605,-0.0759085683822802
"923",37,923,0,-0.152450250206015,0.115725913688869,-0.01869847508691
"924",37,924,0,-0.213586392647803,0.0477646048785151,-0.0843616069450439
"925",37,925,0,-0.0914543807922346,0.268829464809488,0.0916872890298268
"926",37,926,0,-0.198577762331105,0.13208464223065,-0.0341819668523332
"927",37,927,0,-0.148065282247006,0.178433231463879,0.015599813116291
"928",37,928,0,-0.181672357018607,0.184914932618195,0.00167765126486653
"929",37,929,0,-0.125150634248544,0.077864676901385,-0.0238892681209476
"930",37,930,0,-0.115632906442718,0.139453541248378,0.0121072985501567
"931",37,931,0,-0.135896076348743,0.136413805180896,0.000263753931066868
"932",37,932,0,-0.216967674199211,0.0930190820054841,-0.0635059236306197
"933",37,933,0,-0.225913543183983,0.153089908520218,-0.0377700416069703
"934",37,934,0,-0.0922102910843611,0.250906299671019,0.0817704086288837
"935",37,935,0,-0.0494233251072876,0.248002218748737,0.101558337827392
"936",37,936,0,0.0274641998515612,0.286407804272415,0.159681537836662
"937",37,937,0,-0.111976201849231,0.171921836263172,0.0305897517884027
"938",37,938,0,-0.242971849789729,0.0128758608147553,-0.116988574352968
"939",37,939,0,-0.143936662702844,0.136452874518982,-0.003816914998445
"940",37,940,0,-0.149469415491585,0.214767047621605,0.0337701071917402
"941",37,941,0,-0.133682321485901,0.146819511584838,0.00670039985705239
"942",37,942,0,-0.0444168097190833,0.187601237423528,0.0725740230643872
"943",37,943,0,-0.0039286428256012,0.306709771328318,0.155225345205426
"944",37,944,0,-0.129928648128315,0.0742408212845726,-0.0281373711230488
"945",37,945,0,-0.339337395858813,-0.0309372272166297,-0.18981505507705
"946",37,946,0,-0.0899744893440965,0.10753095394678,0.00886468835664143
"947",37,947,0,-0.147695241571415,0.147963270740515,0.000137008702781011
"948",37,948,0,-0.199317202744873,0.0672569163253528,-0.0672298365263341
"949",37,949,0,-0.107500216672543,0.117024335972866,0.00482284245514909
"950",37,950,0,-0.11992591807046,0.141226481900282,0.0108350422664814
"951",37,951,0,-0.0668805059888569,0.0791120422453212,0.00614853154022625
"952",37,952,0,-0.0925011404336869,0.187796296986964,0.0486044668971759
"953",37,953,0,-0.132650754191798,0.0976153963146619,-0.017753080322349
"954",37,954,0,-0.077576670884817,0.228454035981061,0.0772581869730674
"955",37,955,0,-0.0601512605315528,0.19937478956577,0.0708100010179804
"956",37,956,0,-0.115793333077733,0.154940588994781,0.0199391396761089
"957",37,957,0,-0.250109222258043,0.0373771624188034,-0.10863693878038
"958",37,958,0,-0.111559103693014,0.251736350013502,0.0724928036702931
"959",37,959,0,-0.0444592047685814,0.212467535701531,0.0854240948052039
"960",37,960,0,-0.189408461491238,0.00691507433361238,-0.0921420781005388
"961",37,961,0,-0.0995184335364204,0.174012151686016,0.0379578563237426
"962",37,962,0,-0.20513653711647,0.106505620917663,-0.0505457871868416
"963",37,963,0,-0.149639148155963,0.174330970933824,0.0126786403370295
"964",37,964,0,-0.0788834733053568,0.187168083327253,0.0551206315394664
"965",37,965,0,-0.0347694431611043,0.192023678406194,0.0796578766548604
"966",37,966,0,-0.151149118575368,0.204750005449497,0.027677532055616
"967",37,967,0,-0.180679227323775,0.0480108962060806,-0.0672169494077196
"968",37,968,0,-0.14559473539266,0.13471330446326,-0.00554973299014326
"969",37,969,0,-0.313063134813142,-0.0494940446954387,-0.184595484159812
"970",37,970,0,-0.198351197803549,0.00467300541365854,-0.0978571325677929
"971",37,971,0,-0.115991055123841,0.129966435379904,0.00709499858757689
"972",37,972,0,-0.0528237922751735,0.170794122764784,0.0597345619827487
"973",37,973,0,-0.312246651986413,-0.0287639250784687,-0.174110291969342
"974",37,974,0,-0.246419325235485,0.0361851264770784,-0.107283590015407
"975",37,975,0,-0.104108782037817,0.216769976718213,0.0578238943682091
"976",37,976,0,-0.143181655083708,0.242218362727744,0.0514331112993045
"977",37,977,0,-0.141292649407186,0.118063964588767,-0.0118130229349933
"978",37,978,0,-0.184964154356768,0.0968796932706436,-0.0449363914622492
"979",37,979,0,-0.165810328979132,0.169879052723727,0.00209333522909908
"980",37,980,0,0.0198624399071633,0.191440717602521,0.106443892326486
"981",37,981,0,-0.115445034019247,0.183633859236654,0.0348752223608153
"982",37,982,0,-0.176973189943123,0.17385554395509,-0.00160831117481091
"983",37,983,0,-0.143847612086063,0.048315685442581,-0.0482120692079256
"984",37,984,0,-0.143549519652426,0.143546221852903,-1.68359183985436e-06
"985",37,985,0,-0.104279056654617,0.185282735433002,0.0413704825663383
"986",37,986,0,-0.0807416085060306,0.255442269410749,0.0899108626433294
"987",37,987,0,-0.127598738015476,0.146225656188406,0.00949139045193378
"988",37,988,0,-0.139004923635135,0.177503332122272,0.0197438648784853
"989",37,989,0,-0.0321942215798558,0.257514234163471,0.115106999890369
"990",37,990,0,-0.0847232160329979,0.163222573089848,0.039863308928363
"991",37,991,0,-0.0148577616041201,0.307713216454738,0.15042897297518
"992",37,992,0,-0.227167428505655,0.0774629829315966,-0.0766405362867046
"993",37,993,0,-0.172368851079475,0.225982493094399,0.0279150675261417
"994",37,994,0,-0.0968180295978565,0.155936041482382,0.030039192923677
"995",37,995,0,-0.267195330222955,0.00861569276308725,-0.131840635038055
"996",37,996,0,-0.128698446156229,0.253970103357968,0.0650260915390238
"997",37,997,0,-0.157171584723973,0.136665458896971,-0.0104792830906399
"998",37,998,0,-0.186781710790991,0.139561198064293,-0.0242564526374688
"999",37,999,0,-0.151542322081573,0.144122257863883,-0.00379292532936806
"1000",37,1000,0,-0.194261891742904,0.0665811102340747,-0.0649497712458689
